Grapheme	IPA	EXAMPLES	LANGUAGES	FREQUENCY	CODEPOINTS
^	NULL				
$	NULL				
a	a	mata-na, tama-na	Haununu, Bauro (Pawa village), Santa Catalina, Rawo, Bauro (Baroo village), Santa Ana, Faghani, Vaghua, Agufi, Samasodu, Ghone, Kia, Varisi, Mami, Tawaroga, Moli, Mbareke, Talise, Tikopia, Hoava, Mbaengguu, Rihu'a, Kahua, Mbirao, Kusaghe, Fataleka, Sikaiana, Arosi (Tawatana village), Nginia, Ulawa, Ughele, Nggae, Malagheti, Marovo, Tandai, Mbaelelea, Arosi (Oneibia village), Malango, To'ambaita, Tataba, Anuta, Poleo, Ghari, Mono, Leleghia, Kokota, Oroha, Simbo, Roviana, 'Are'are (Ma'asupa village), Tolo, Langalanga, 'Are'are (Waiahaa village), Lau North, Nggela, Vangunu, Pileni, Uki Ni Masi, Kwara'ae, Kwaio, Alu, Nggeri, Ontong Java, Kmagha, Poro, Mbilua, Walade (LauS), Mbambatana, Dhadhaje, Sa'a (A'ulu village), Marau, Kwai, Blablanga, Sa'a (Sa'a village), Longgu, Ghanongga, Nduke, Ndovele, Fauro, Lavukaleve, Lengo, Nembao, Kilokaka, Avasö, Dori'o, Ghove, Tunöe, Rennell, Vano, Ndi, Savosavo, Katazi, Lömaumbi, Sengga, Bellona, Lungga, Koo, Ghaimuta, Tanema, Buma, Ririo, Tanimbili, Asumboa, Mbaniata, Lokuru, Nanggu, Malo, Kazukuru, Reefs, Paripao, Lwepe	21547	U+0061
a$	a	-na, ura	Mbirao, Haununu, Rawo, Kwaio, To'ambaita, Bauro (Baroo village), Mbaniata, Moli, Malagheti, Bauro (Pawa village), Tolo, Nduke, Faghani, Roviana, Tawaroga, Marovo, Dori'o, 'Are'are (Waiahaa village), 'Are'are (Ma'asupa village), Rihu'a, Ughele, Langalanga, Talise, Arosi (Tawatana village), Ghari, Nggela, Vaghua, Alu, Mami, Ghone, Malango, Oroha, Nginia, Marau, Mono, Tandai, Lokuru, Varisi, Fauro, Simbo, Dhadhaje, Poleo, Ghanongga, Mbareke, Ghaimuta, Ulawa, Avasö, Samasodu, Sa'a (Sa'a village), Kusaghe, Lungga, Mbaelelea, Lau North, Hoava, Nggeri, Nggae, Santa Ana, Vangunu, Leleghia, Tataba, Kia, Kmagha, Longgu, Santa Catalina, Poro, Agufi, Savosavo, Kahua, Arosi (Oneibia village), Kilokaka, Koo, Walade (LauS), Fataleka, Kwai, Lömaumbi, Mbaengguu, Ontong Java, Sengga, Blablanga, Tikopia, Mbambatana, Kokota, Ndi, Pileni, Tunöe, Uki Ni Masi, Rennell, Katazi, Sikaiana, Bellona, Anuta, Mbilua, Tanema, Ghove, Lavukaleve, Lengo, Sa'a (A'ulu village), Vano, Ndovele, Buma, Asumboa, Ririo, Kwara'ae, Nembao, Paripao, Nanggu, Malo, Lwepe, Tanimbili, Kazukuru, Reefs	13887	U+0061 U+0024
i	i	mimi, niu	Tanimbili, Ughele, Nggela, Haununu, Ririo, Vano, Marovo, Mbilua, Roviana, Mbambatana, Mbirao, Faghani, Mbareke, Nduke, Tunöe, Rawo, Moli, 'Are'are (Waiahaa village), Dori'o, Ghanongga, Kia, Rihu'a, Malango, Bauro (Pawa village), Buma, Hoava, 'Are'are (Ma'asupa village), Vangunu, Samasodu, Bauro (Baroo village), Ndovele, Kwaio, Sa'a (Sa'a village), Lokuru, Ghone, Kwara'ae, Mbaniata, Longgu, Malagheti, Dhadhaje, Kusaghe, Tolo, Kazukuru, Langalanga, Arosi (Tawatana village), Lengo, Marau, Lavukaleve, Asumboa, Oroha, Mbaengguu, Simbo, Katazi, Talise, Sikaiana, Pileni, Ghari, Poleo, Alu, Reefs, Santa Ana, Ulawa, Savosavo, Leleghia, Ghaimuta, Mono, Tataba, Santa Catalina, Mbaelelea, Rennell, Arosi (Oneibia village), Fauro, To'ambaita, Mami, Sa'a (A'ulu village), Bellona, Fataleka, Lungga, Kwai, Tikopia, Nginia, Kahua, Kmagha, Tandai, Kokota, Nggae, Poro, Uki Ni Masi, Tawaroga, Lau North, Nembao, Agufi, Koo, Kilokaka, Nggeri, Blablanga, Avasö, Lömaumbi, Walade (LauS), Varisi, Tanema, Anuta, Malo, Sengga, Nanggu, Ndi, Ghove, Ontong Java, Lwepe, Paripao, Vaghua	9293	U+0069
u	u	susu-na, mburumburu	Ghone, Ririo, Nggela, Moli, Mbirao, Talise, Malagheti, Tolo, Mbilua, Malango, Roviana, Ndovele, Ghanongga, Samasodu, Nginia, Varisi, Ghari, Poleo, Hoava, Tandai, Mbareke, Vangunu, Dhadhaje, Mbambatana, Lengo, Nggae, Nggeri, Ughele, Kia, Kusaghe, Faghani, Savosavo, Nduke, Bauro (Pawa village), Ghaimuta, Reefs, Marovo, Simbo, Lungga, Haununu, Tunöe, Lavukaleve, Santa Catalina, Pileni, Katazi, Alu, To'ambaita, Marau, Dori'o, Avasö, Langalanga, Santa Ana, Kokota, Longgu, Tikopia, Mbaelelea, Leleghia, Fataleka, Mono, Agufi, Sikaiana, Poro, Ontong Java, Sa'a (Sa'a village), Bauro (Baroo village), Arosi (Tawatana village), Kwaio, Sa'a (A'ulu village), Rawo, Ndi, Oroha, Kmagha, Tanimbili, Fauro, 'Are'are (Waiahaa village), Tawaroga, Kilokaka, Rihu'a, Ulawa, Mbaengguu, Buma, Kahua, 'Are'are (Ma'asupa village), Mami, Lömaumbi, Walade (LauS), Asumboa, Lau North, Tataba, Rennell, Kwara'ae, Koo, Blablanga, Lokuru, Vano, Kwai, Bellona, Mbaniata, Sengga, Arosi (Oneibia village), Anuta, Uki Ni Masi, Kazukuru, Ghove, Nembao, Nanggu, Tanema, Paripao, Malo, Vaghua, Lwepe	9095	U+0075
n	n	manu, nunu	Ughele, Marovo, Mbareke, Vangunu, Simbo, Bauro (Baroo village), Bauro (Pawa village), Kwaio, Nggela, Sa'a (Sa'a village), Tawaroga, Roviana, Lungga, Faghani, Marau, Mono, Malagheti, Samasodu, Nggae, Haununu, Nduke, 'Are'are (Ma'asupa village), Ghanongga, Vaghua, Kia, Alu, Kusaghe, Ghone, Moli, Talise, Tandai, Malango, Oroha, Fauro, Varisi, Arosi (Tawatana village), Mbirao, Rihu'a, Nginia, Ulawa, Rawo, Nggeri, Ghari, To'ambaita, Hoava, Kilokaka, Mami, Tolo, Mbaengguu, Avasö, Koo, Kokota, Blablanga, Dori'o, Kazukuru, Poleo, Vano, Fataleka, Sa'a (A'ulu village), Sikaiana, Agufi, Mbaelelea, Arosi (Oneibia village), Santa Catalina, 'Are'are (Waiahaa village), Lau North, Santa Ana, Ghaimuta, Ndi, Mbaniata, Kahua, Buma, Longgu, Walade (LauS), Sengga, Katazi, Lokuru, Mbambatana, Asumboa, Tunöe, Tanema, Lömaumbi, Nembao, Lengo, Kwai, Reefs, Rennell, Mbilua, Malo, Tikopia, Pileni, Tanimbili, Nanggu, Anuta, Ririo, Ndovele, Tataba, Uki Ni Masi, Kmagha, Savosavo, Bellona, Leleghia, Lavukaleve, Ghove, Poro, Lwepe, Langalanga, Dhadhaje, Kwara'ae, Paripao, Ontong Java	8867	U+006e
r	r	ura, mauri	Bauro (Pawa village), Faghani, Rawo, 'Are'are (Waiahaa village), Tawaroga, Bauro (Baroo village), Haununu, Santa Catalina, Oroha, Arosi (Tawatana village), Kahua, Mami, Santa Ana, Agufi, Arosi (Oneibia village), 'Are'are (Ma'asupa village), Marau, Rihu'a, Mbaniata, Tikopia, Samasodu, Ghone, Anuta, Varisi, Ghanongga, Mbareke, Vangunu, Mbilua, Ndovele, Lokuru, Roviana, Vaghua, Simbo, Leleghia, Kmagha, Nduke, Kilokaka, Marovo, Kokota, Hoava, Lungga, Kusaghe, Ughele, Mbambatana, Kwaio, Tataba, Poro, Katazi, Mbaengguu, Lau North, Avasö, Sengga, Tunöe, Nggae, Langalanga, Tolo, Walade (LauS), Mbirao, Blablanga, Moli, Ghari, Ghove, Poleo, Nginia, Kia, Ulawa, Mbaelelea, Tandai, Sa'a (A'ulu village), Talise, Sa'a (Sa'a village), To'ambaita, Dhadhaje, Longgu, Lömaumbi, Fataleka, Nggeri, Malango, Nembao, Uki Ni Masi, Nggela, Ririo, Malagheti, Lengo, Lavukaleve, Kwai, Ndi, Koo, Ghaimuta, Savosavo, Dori'o, Vano, Buma, Tanema, Alu, Kwara'ae, Fauro, Mono, Kazukuru, Tanimbili, Pileni, Paripao, Nanggu, Asumboa, Lwepe	6605	U+0072
e	e	kele-na, mbembe	Vano, Buma, Nduke, Asumboa, Samasodu, Ghanongga, Hoava, Kia, Kusaghe, Vangunu, Lavukaleve, Mbaniata, Sikaiana, Ughele, Marovo, Varisi, Reefs, Mbareke, Leleghia, Avasö, Tanimbili, Vaghua, Tikopia, Lömaumbi, Ontong Java, Tataba, Mono, Mbilua, Roviana, Kmagha, Blablanga, Sa'a (A'ulu village), Kwara'ae, Mbambatana, Anuta, Sengga, Alu, Lungga, Pileni, Fataleka, Savosavo, Fauro, Kilokaka, Ulawa, Katazi, Dhadhaje, Tanema, Poro, Simbo, Mami, Kokota, Kwai, Ghove, Rennell, Malango, Mbirao, Nginia, Lokuru, Ghone, Mbaelelea, Tolo, Malo, Ririo, Ndovele, To'ambaita, Bauro (Baroo village), Tawaroga, Uki Ni Masi, Tandai, Sa'a (Sa'a village), Malagheti, Nggeri, Kahua, Nggela, Agufi, Longgu, Santa Ana, Walade (LauS), Bellona, Tunöe, Kwaio, Bauro (Pawa village), Santa Catalina, Lau North, Ghari, Talise, Poleo, Haununu, Oroha, Ghaimuta, Moli, Marau, 'Are'are (Waiahaa village), Koo, Nembao, Nggae, Langalanga, 'Are'are (Ma'asupa village), Arosi (Tawatana village), Mbaengguu, Dori'o, Rawo, Arosi (Oneibia village), Lengo, Faghani, Lwepe, Ndi, Kazukuru, Nanggu, Rihu'a, Paripao	6199	U+0065
u$	u	-mu, niu	Lengo, Santa Ana, Tikopia, Nggela, Rennell, Mbambatana, Bellona, Anuta, Kwaio, Pileni, Ontong Java, Poro, Mbilua, Lau North, Ndovele, Mbareke, Santa Catalina, Ulawa, Sikaiana, Leleghia, Kahua, Moli, 'Are'are (Waiahaa village), Katazi, Blablanga, Dhadhaje, Longgu, Arosi (Oneibia village), Vangunu, Simbo, Kmagha, Tataba, Ghone, Uki Ni Masi, Tunöe, Tanimbili, Kia, Lungga, Sa'a (A'ulu village), Kwai, Sengga, Varisi, Hoava, Kilokaka, Kokota, Langalanga, Ghove, Oroha, Mbaengguu, Tolo, Nggeri, Nggae, Ghari, Walade (LauS), Samasodu, Ghanongga, Ndi, Nduke, Marovo, To'ambaita, Talise, Nginia, Alu, Mbirao, Mbaelelea, Faghani, Savosavo, Poleo, Tandai, Bauro (Baroo village), 'Are'are (Ma'asupa village), Kusaghe, Arosi (Tawatana village), Malagheti, Marau, Rawo, Dori'o, Fataleka, Mono, Haununu, Ghaimuta, Lömaumbi, Ughele, Malango, Sa'a (Sa'a village), Bauro (Pawa village), Rihu'a, Agufi, Roviana, Fauro, Avasö, Nanggu, Reefs, Lavukaleve, Koo, Mami, Malo, Tawaroga, Mbaniata, Vano, Lokuru, Buma, Lwepe, Kazukuru, Nembao, Asumboa, Paripao, Kwara'ae, Tanema, Ririo, Vaghua	5936	U+0075 U+0024
l	l	salili, alu	Langalanga, Ontong Java, Sikaiana, Mono, Malo, Alu, Reefs, Fauro, Buma, Vano, Ulawa, Savosavo, Sa'a (A'ulu village), Kwai, Mbirao, Pileni, Fataleka, Lau North, Lwepe, Nggela, Mbaengguu, Dori'o, Poro, Leleghia, Malango, To'ambaita, Moli, Talise, Uki Ni Masi, Hoava, Lavukaleve, Ghone, Malagheti, Walade (LauS), Tolo, Kwaio, Mbaelelea, Nanggu, Mbilua, Blablanga, Varisi, Kmagha, Longgu, Samasodu, Sa'a (Sa'a village), Tataba, Vaghua, Poleo, Vangunu, Kokota, Kusaghe, Tunöe, Kilokaka, Dhadhaje, Tanema, Ghove, Katazi, Mbambatana, Kia, Nginia, Ndovele, Mbareke, Ghari, Nembao, Tanimbili, Sengga, Lömaumbi, Marovo, Avasö, Nduke, Koo, Nggeri, Ghaimuta, Lungga, Ghanongga, Roviana, Ughele, Tandai, Simbo, Nggae, Lengo, Ndi, Asumboa, Ririo, Kwara'ae, Kazukuru, Paripao, Rennell, Tikopia, Bellona, Lokuru, 'Are'are (Ma'asupa village), Mbaniata, Oroha, Agufi	5527	U+006c
i$	i	mimi, mauri	Savosavo, Bellona, Samasodu, Sikaiana, Rennell, Arosi (Oneibia village), Longgu, Ontong Java, Mbambatana, Mbaengguu, Tikopia, Santa Catalina, Leleghia, Nggeri, Anuta, Kia, Arosi (Tawatana village), Kokota, Nggela, Kmagha, Dhadhaje, Fataleka, Tunöe, Tataba, Lengo, Poleo, Tandai, Nginia, Kwaio, Nggae, Kilokaka, Malango, Talise, Haununu, Dori'o, Lavukaleve, Bauro (Pawa village), Walade (LauS), Lau North, Ghari, Mono, Sa'a (A'ulu village), Agufi, Reefs, Marau, Ghove, Tolo, Katazi, Oroha, Uki Ni Masi, Alu, 'Are'are (Ma'asupa village), Mbirao, Rihu'a, Mbaelelea, Rawo, Fauro, Moli, To'ambaita, Sa'a (Sa'a village), Ulawa, Faghani, Poro, Ghanongga, Sengga, Blablanga, Langalanga, Kwai, Ghaimuta, Lömaumbi, Ndi, Bauro (Baroo village), Santa Ana, Malagheti, Nduke, Pileni, Vano, Mami, Lungga, Vangunu, Nembao, Avasö, Ndovele, 'Are'are (Waiahaa village), Buma, Kahua, Nanggu, Ughele, Malo, Simbo, Hoava, Roviana, Mbilua, Tawaroga, Mbareke, Ghone, Koo, Kusaghe, Tanema, Kazukuru, Varisi, Mbaniata, Asumboa, Marovo, Lwepe, Tanimbili, Lokuru, Kwara'ae, Ririo, Paripao, Vaghua	5425	U+0069 U+0024
o	o	momoa, koro	Tanimbili, Mbaniata, Savosavo, Bellona, Hoava, Lokuru, Rennell, Fauro, Asumboa, Rawo, Haununu, Anuta, Lungga, Simbo, Sikaiana, Sa'a (Sa'a village), Arosi (Oneibia village), Mono, Lavukaleve, Bauro (Baroo village), Tikopia, Kwai, Faghani, Ontong Java, Nggeri, 'Are'are (Waiahaa village), Oroha, Agufi, Reefs, Santa Ana, Marau, Kusaghe, Rihu'a, Katazi, Ndovele, Kokota, Longgu, Pileni, Santa Catalina, Vangunu, 'Are'are (Ma'asupa village), Lau North, Kazukuru, Tunöe, Sengga, Mami, Marovo, Mbilua, Tanema, Mbaelelea, Lengo, Uki Ni Masi, Tolo, Langalanga, Kahua, Lömaumbi, Ghari, Avasö, Vano, Arosi (Tawatana village), Fataleka, Nduke, Kwara'ae, Ughele, Ghaimuta, Vaghua, Nembao, Tawaroga, Nanggu, Malo, Mbambatana, Kwaio, Lwepe, Nggela, Ririo, Roviana, Mbareke, Ghone, Alu, Buma, Bauro (Pawa village), Ghanongga, Walade (LauS), Varisi, Sa'a (A'ulu village), Moli, Tandai, Mbaengguu, Kia, Ulawa, To'ambaita, Poleo, Ghove, Poro, Koo, Leleghia, Kilokaka, Mbirao, Dhadhaje, Malagheti, Malango, Nggae, Kmagha, Dori'o, Ndi, Talise, Nginia, Samasodu, Blablanga	5060	U+006f
^m	m	-mu, mimi	Malo, Simbo, Nggae, Vano, Malagheti, Ughele, Poleo, Moli, Nggeri, Talise, Vaghua, Mbirao, Tolo, Ontong Java, Buma, Kwaio, Roviana, Kusaghe, Lungga, Ghari, Lwepe, Nginia, Ghanongga, Vangunu, Tandai, Nggela, Malango, Hoava, Kahua, Savosavo, Mbareke, Tikopia, Pileni, Mbambatana, Longgu, Marovo, Anuta, Varisi, Bauro (Baroo village), Ghone, Mbaniata, Sengga, Lengo, Sikaiana, Asumboa, Koo, Avasö, Lokuru, Nduke, Bellona, Katazi, Rennell, Tunöe, Rawo, Tanimbili, Mami, Tawaroga, Santa Catalina, Mbaengguu, Lömaumbi, Ndi, 'Are'are (Waiahaa village), To'ambaita, Oroha, Bauro (Pawa village), Tanema, Mbaelelea, Mono, Fauro, Ghaimuta, Nembao, Alu, Marau, Ririo, Haununu, Sa'a (A'ulu village), Santa Ana, Faghani, Arosi (Tawatana village), Fataleka, Arosi (Oneibia village), Reefs, 'Are'are (Ma'asupa village), Sa'a (Sa'a village), Kwai, Lau North, Uki Ni Masi, Ulawa, Rihu'a, Kwara'ae, Langalanga, Nanggu, Ndovele, Lavukaleve, Agufi, Dori'o, Mbilua, Kokota, Kia, Dhadhaje, Walade (LauS), Samasodu, Kmagha, Tataba, Poro, Leleghia, Ghove, Kilokaka, Kazukuru, Paripao, Blablanga	4765	U+005e U+006d
t	t	mate, mata-na	Anuta, Tikopia, Alu, Mono, Sikaiana, Bellona, Nduke, Rennell, Fauro, Roviana, Mbambatana, Tunöe, Lokuru, Mbareke, Mbaniata, Hoava, Nggela, Bauro (Pawa village), 'Are'are (Waiahaa village), Samasodu, Pileni, Tandai, Mbilua, Haununu, Ughele, Uki Ni Masi, Nggae, Kusaghe, Tawaroga, Simbo, Mami, Lungga, Nggeri, Ghanongga, Ghari, Sa'a (Sa'a village), Dhadhaje, Malo, Ndovele, 'Are'are (Ma'asupa village), Santa Catalina, Vangunu, Sengga, Bauro (Baroo village), Moli, Lengo, Lömaumbi, Ndi, Kia, Faghani, Katazi, Kazukuru, Avasö, Ghone, Mbirao, Rihu'a, Varisi, Marau, Tolo, Rawo, Ulawa, Marovo, Malango, Agufi, Nginia, Buma, Oroha, Malagheti, Kahua, Ghaimuta, Asumboa, Talise, Santa Ana, Vaghua, Lavukaleve, Sa'a (A'ulu village), Nanggu, Savosavo, Arosi (Oneibia village), Longgu, Kilokaka, Fataleka, To'ambaita, Poleo, Vano, Mbaengguu, Tataba, Lwepe, Kokota, Kwaio, Mbaelelea, Langalanga, Arosi (Tawatana village), Kwai, Poro, Dori'o, Leleghia, Blablanga, Nembao, Walade (LauS), Lau North, Koo, Ririo, Kmagha, Reefs, Kwara'ae, Tanimbili, Ghove, Tanema, Paripao	4262	U+0074
ɔ	ɔ	kɔkɔrakɔ, kɔkɔra-na	Samasodu, Kia, Poro, Ghanongga, Varisi, Kmagha, Tataba, Leleghia, Nduke, Mbirao, Dhadhaje, Roviana, Talise, Malagheti, Nggae, Malango, Moli, Nginia, Alu, Poleo, Tandai, Nggela, Blablanga, Mbaengguu, Buma, Sa'a (A'ulu village), Vaghua, Mbareke, Ghove, Ndi, Ulawa, Ughele, Dori'o, To'ambaita, Bauro (Pawa village), Kilokaka, Koo, Kwaio, Walade (LauS), Mbambatana, Tawaroga, Ghone, Ririo, Ghari, Lokuru, Marovo, Mbilua, Tolo, Arosi (Tawatana village), Avasö, Sengga, Lömaumbi, Ghaimuta, Vangunu, Lavukaleve, Kwara'ae, Kokota, Langalanga, Kusaghe, Fataleka, Lungga, Tanimbili, Simbo, Nanggu, Mbaelelea, Mono, Lengo, Paripao, Hoava, Lau North, Nembao, Tunöe, 'Are'are (Ma'asupa village), Ndovele, Longgu, Fauro, Asumboa, Savosavo, Sa'a (Sa'a village), Marau, Reefs, Kwai, Rennell, Uki Ni Masi, Malo, Kahua	4240	U+0254
m	m	mimi, lima	Tanimbili, Asumboa, Buma, Varisi, Reefs, Ghone, Malo, Nanggu, Tanema, Vaghua, Nembao, Vano, Sengga, Ughele, Hoava, Mbareke, Mbambatana, Mbilua, Roviana, Avasö, Kwaio, Vangunu, Lwepe, Nggela, Lengo, Katazi, Moli, Tunöe, Mbaengguu, Longgu, Marovo, Poleo, Simbo, Lömaumbi, Mbirao, Mbaniata, Savosavo, Malagheti, Nduke, Lokuru, Kusaghe, Samasodu, Ghanongga, Malango, Tandai, Nginia, Lavukaleve, Kilokaka, Tolo, Talise, Ndovele, Ririo, Ghaimuta, Mbaelelea, Ghari, Ontong Java, Santa Ana, Kwai, Nggae, Tataba, Rennell, Leleghia, Sa'a (Sa'a village), Lungga, Bellona, Sikaiana, Sa'a (A'ulu village), Kmagha, Dori'o, To'ambaita, Blablanga, 'Are'are (Ma'asupa village), Rawo, Nggeri, Anuta, Fataleka, Kahua, Tawaroga, Ghove, Pileni, Koo, Kokota, Arosi (Oneibia village), Mami, Bauro (Pawa village), Kia, Fauro, Arosi (Tawatana village), Ndi, Uki Ni Masi, Haununu, Oroha, Santa Catalina, Ulawa, Marau, Tikopia, Mono, Agufi, Alu, Langalanga, Rihu'a, Poro, Dhadhaje, Bauro (Baroo village), Faghani, Lau North, Kazukuru, Walade (LauS), 'Are'are (Waiahaa village), Kwara'ae, Paripao	4238	U+006d
e$	e	mae, mate	Vano, Buma, Nembao, Asumboa, Sa'a (A'ulu village), Lömaumbi, Avasö, Tunöe, Sengga, Reefs, Katazi, Mbambatana, Ndovele, Nduke, Ghanongga, Kusaghe, Vangunu, Samasodu, Hoava, Kia, Kilokaka, Ghone, Marovo, Tanema, Varisi, Mbareke, Vaghua, Sikaiana, Blablanga, Lungga, Alu, Roviana, Nanggu, Lengo, Tikopia, Poro, Ughele, Savosavo, Kokota, Lokuru, Mbaniata, Anuta, Ontong Java, Mbilua, Mono, Fauro, Ghove, Ririo, Uki Ni Masi, Fataleka, Malo, Leleghia, Simbo, Agufi, Rennell, Dhadhaje, Bellona, Kmagha, Malango, Pileni, Mbaengguu, Walade (LauS), Lavukaleve, Mami, Tawaroga, Longgu, Tataba, Nggae, Kahua, Nggela, Mbirao, Lwepe, Lau North, Nginia, Moli, Ulawa, Kwai, Mbaelelea, Nggeri, 'Are'are (Waiahaa village), Tandai, Tanimbili, Arosi (Oneibia village), Faghani, Ndi, Talise, Langalanga, Ghaimuta, Tolo, Ghari, Kwaio, 'Are'are (Ma'asupa village), Santa Catalina, Poleo, Santa Ana, Malagheti, Sa'a (Sa'a village), Dori'o, Koo, To'ambaita, Haununu, Oroha, Arosi (Tawatana village), Rihu'a, Bauro (Baroo village), Marau, Paripao, Bauro (Pawa village), Rawo, Kwara'ae, Kazukuru	4161	U+0065 U+0024
k	k	kɔkɔrakɔ, kake	Ontong Java, Mbambatana, Ghone, Tunöe, Varisi, Mbareke, Hoava, Tikopia, Vangunu, Katazi, Kusaghe, Sikaiana, Marovo, Ndovele, Lömaumbi, Mbilua, Samasodu, Anuta, Avasö, Roviana, Sengga, Ughele, Vaghua, Santa Ana, Vano, Pileni, Ghanongga, Lavukaleve, Buma, Tanimbili, Nduke, Bellona, Rennell, Kokota, Kia, Kahua, Simbo, Lungga, Marau, Savosavo, 'Are'are (Waiahaa village), Nanggu, Leleghia, Tandai, Kmagha, Mbirao, Mbaelelea, Blablanga, Tataba, Moli, Nggae, Ghove, Malo, Kilokaka, Tolo, Poro, Malango, Fataleka, Reefs, Asumboa, Talise, Nginia, Alu, Ghari, Fauro, To'ambaita, Mono, Haununu, Mbaengguu, 'Are'are (Ma'asupa village), Poleo, Lengo, Malagheti, Tanema, Nggeri, Mami, Ndi, Nggela, Santa Catalina, Koo, Agufi, Tawaroga, Rawo, Lwepe, Oroha, Bauro (Pawa village), Longgu, Sa'a (Sa'a village), Kwai, Rihu'a, Ririo, Langalanga, Faghani, Lau North, Ghaimuta, Ulawa, Walade (LauS), Bauro (Baroo village), Dori'o, Kwaio, Dhadhaje, Uki Ni Masi, Sa'a (A'ulu village), Kwara'ae, Kazukuru, Nembao, Arosi (Oneibia village), Paripao, Arosi (Tawatana village), Mbaniata, Lokuru	4074	U+006b
-	<?>	-mu, -na	Malagheti, Koo, Talise, Bauro (Pawa village), Malango, Nggae, Mbirao, Tandai, Tawaroga, Poleo, Kwaio, Moli, Nggeri, Tolo, Nggela, Langalanga, Kia, Alu, Dhadhaje, Mono, Varisi, Ghone, Samasodu, Kahua, Vaghua, Ughele, Ghari, To'ambaita, Simbo, Lungga, Nginia, Mami, Santa Ana, Sa'a (A'ulu village), Arosi (Tawatana village), Ulawa, Dori'o, Mbareke, Marau, Ghanongga, Nduke, Marovo, Avasö, Kmagha, Bauro (Baroo village), Haununu, Poro, Lau North, Fataleka, Mbaengguu, Fauro, Leleghia, Tanimbili, Roviana, Arosi (Oneibia village), Tataba, Kilokaka, Rihu'a, Mbaelelea, Blablanga, Lengo, Faghani, Ndi, Rawo, Sa'a (Sa'a village), Kusaghe, Ghaimuta, Kokota, 'Are'are (Ma'asupa village), Mbambatana, Asumboa, Oroha, Walade (LauS), 'Are'are (Waiahaa village), Vangunu, Agufi, Lömaumbi, Kwara'ae, Hoava, Paripao, Santa Catalina, Kwai, Tunöe, Sengga, Katazi, Mbilua, Ririo, Longgu, Nanggu, Nembao, Ghove, Uki Ni Masi, Tanema, Malo, Mbaniata, Lwepe, Ndovele	3840	U+002d
o$	o	ao, ono	Tanimbili, Ndovele, Asumboa, Mbaniata, Reefs, Mbilua, Rennell, Uki Ni Masi, Hoava, Lau North, Bellona, Nggeri, Kwai, Sikaiana, Savosavo, Tikopia, Simbo, Anuta, Katazi, Tandai, Mami, Ontong Java, Haununu, Kahua, Arosi (Oneibia village), Bauro (Baroo village), Santa Catalina, Lungga, Marovo, Kazukuru, Kusaghe, Mbaelelea, Pileni, Tunöe, Agufi, Santa Ana, Ughele, Sa'a (Sa'a village), Tanema, Rihu'a, Lokuru, Lömaumbi, Vangunu, Marau, Nembao, Mbambatana, Sengga, Longgu, Ghone, Faghani, Oroha, Fauro, Mono, Avasö, 'Are'are (Ma'asupa village), Moli, Rawo, Nduke, Mbareke, Tolo, Tawaroga, Lengo, Kokota, 'Are'are (Waiahaa village), Sa'a (A'ulu village), Ghari, Malo, Vano, Langalanga, Ghanongga, Arosi (Tawatana village), Fataleka, Lwepe, Bauro (Pawa village), Lavukaleve, Kwaio, Roviana, Vaghua, Ghaimuta, Nanggu, Walade (LauS), Ulawa, Alu, Ririo, Buma, Kwara'ae, Malango, To'ambaita, Samasodu, Mbaengguu, Ghove, Nggela, Varisi, Leleghia, Kia, Kilokaka, Mbirao, Blablanga, Kmagha, Dori'o, Poro, Nginia, Tataba, Malagheti, Koo, Talise, Dhadhaje, Nggae	3287	U+006f U+0024
^k	k	-ku, kake	Ghone, Varisi, Ontong Java, Vaghua, Mbambatana, Samasodu, Tunöe, Savosavo, Ririo, Sikaiana, Katazi, Kokota, Kia, Hoava, Sengga, Avasö, Lavukaleve, Lömaumbi, Tanimbili, Ndovele, Mbaengguu, Kusaghe, Anuta, Fataleka, To'ambaita, Mbareke, Mbilua, Nduke, Tikopia, Tolo, Nggeri, Ghari, Moli, Kwara'ae, Mbaelelea, Nggae, Lungga, Bellona, Mbirao, Blablanga, Simbo, Rennell, Nginia, Dhadhaje, Kilokaka, Marovo, Ghanongga, Roviana, Malagheti, Vangunu, Ughele, Tandai, Talise, Kmagha, Poleo, Buma, Ndi, Leleghia, Malango, Nggela, Tataba, Ghaimuta, Koo, Lengo, Marau, Mono, Alu, Faghani, Pileni, 'Are'are (Waiahaa village), Poro, Reefs, 'Are'are (Ma'asupa village), Fauro, Walade (LauS), Ghove, Longgu, Santa Catalina, Rawo, Haununu, Dori'o, Asumboa, Lau North, Malo, Agufi, Kahua, Bauro (Pawa village), Rihu'a, Uki Ni Masi, Oroha, Sa'a (Sa'a village), Kwai, Bauro (Baroo village), Vano, Sa'a (A'ulu village), Tawaroga, Santa Ana, Ulawa, Lwepe, Kwaio, Tanema, Langalanga, Arosi (Oneibia village), Arosi (Tawatana village), Mami, Nanggu, Paripao, Kazukuru, Nembao, Mbaniata, Lokuru	3244	U+005e U+006b
^t	t	tara, tu	Bellona, Anuta, Rennell, Tikopia, Sikaiana, Hoava, Pileni, Kokota, Roviana, Mbareke, Malango, Kusaghe, Samasodu, Marovo, Ghari, Kia, Nduke, Katazi, Haununu, Malo, Agufi, Vangunu, Mbirao, Tandai, Buma, Simbo, Talise, Mbilua, Ghaimuta, Malagheti, Ughele, Nginia, Ndovele, Dhadhaje, Moli, Tolo, Rawo, Nggeri, Avasö, Sengga, Tunöe, Alu, Bauro (Baroo village), Fauro, Lengo, Lömaumbi, Mono, Mbambatana, Nggela, Ghanongga, Nggae, Vaghua, Poleo, Mami, Longgu, Ghone, Ndi, Vano, Arosi (Oneibia village), 'Are'are (Ma'asupa village), Santa Ana, Lungga, Rihu'a, Bauro (Pawa village), Santa Catalina, Marau, Faghani, Lwepe, Varisi, Tawaroga, Ririo, Sa'a (Sa'a village), Walade (LauS), Kwara'ae, Asumboa, Lau North, Mbaengguu, Arosi (Tawatana village), Kwai, Savosavo, Uki Ni Masi, Oroha, Langalanga, Reefs, Kilokaka, 'Are'are (Waiahaa village), Koo, Lavukaleve, Kahua, Ulawa, Fataleka, To'ambaita, Kwaio, Mbaelelea, Dori'o, Nanggu, Poro, Tataba, Leleghia, Blablanga, Lokuru, Sa'a (A'ulu village), Mbaniata, Ghove, Nembao, Kmagha, Paripao, Kazukuru, Tanema, Tanimbili, Ontong Java	3103	U+005e U+0074
ŋ	ŋ	laŋɔ, taruŋa	Rennell, Bellona, Tanimbili, Ontong Java, Lengo, Vaghua, Mbambatana, Asumboa, Reefs, Ghone, To'ambaita, Varisi, Kwaio, Katazi, Malango, Roviana, Lungga, Lokuru, Moli, Lömaumbi, Mbaniata, Talise, Ririo, Sengga, Mbaengguu, Nduke, Nggela, Mbaelelea, Mbilua, Avasö, Simbo, Vangunu, Pileni, Ndovele, Ghanongga, Tunöe, Kusaghe, Mbareke, Malagheti, Anuta, Tandai, Nginia, Tikopia, Poleo, Vano, Longgu, Mbirao, Tolo, Marovo, Lwepe, Ughele, Haununu, Malo, Nggae, Nggeri, Lau North, Kia, Ghari, Walade (LauS), Fataleka, Arosi (Tawatana village), Nembao, Buma, Ghaimuta, Rawo, Hoava, Bauro (Pawa village), Dori'o, Dhadhaje, Nanggu, Arosi (Oneibia village), Tawaroga, Santa Catalina, Tanema, Rihu'a, Faghani, Ndi, Savosavo, Agufi, Santa Ana, Kahua, Mami, Koo, Poro, Uki Ni Masi, Kmagha, Ulawa, Leleghia, Bauro (Baroo village), Samasodu, Sa'a (A'ulu village), Lavukaleve, Tataba, Kwai, Kwara'ae, Kazukuru, Kilokaka, Kokota, Blablanga, Ghove, Paripao, Alu, Langalanga	3089	U+014b
s	s	pusuasi, susu-na	Hoava, Moli, 'Are'are (Ma'asupa village), Kusaghe, Malagheti, Alu, Talise, Mbambatana, Varisi, Fauro, Marau, Mono, Tunöe, Sa'a (Sa'a village), Nggae, Vangunu, Uki Ni Masi, Oroha, Sa'a (A'ulu village), Ulawa, Tolo, 'Are'are (Waiahaa village), Katazi, Nginia, Arosi (Oneibia village), Nggeri, Poleo, Ghone, Malango, Kwaio, Mbaengguu, Roviana, Mbareke, Mbirao, Tandai, Avasö, Kia, Nduke, Lau North, Haununu, Dori'o, Ghari, Leleghia, Fataleka, Mbilua, Sengga, Kmagha, Arosi (Tawatana village), Faghani, Lavukaleve, Simbo, Agufi, Bauro (Baroo village), Bauro (Pawa village), Rawo, Longgu, Lungga, Lömaumbi, Ndovele, Mami, Tawaroga, Walade (LauS), Langalanga, Rihu'a, Ndi, Poro, Tataba, Santa Catalina, Koo, Ririo, Marovo, Savosavo, Buma, Blablanga, Kahua, Kilokaka, Asumboa, Mbaniata, To'ambaita, Lokuru, Kwai, Tikopia, Santa Ana, Vaghua, Bellona, Kokota, Ghaimuta, Mbaelelea, Kwara'ae, Ghove, Lengo, Ughele, Rennell, Vano, Samasodu, Tanimbili, Sikaiana, Ghanongga, Ontong Java, Nggela, Dhadhaje, Tanema, Reefs, Malo, Kazukuru, Lwepe, Paripao, Nembao, Nanggu, Pileni	2984	U+0073
b	b	mbembe, mburumburu	Tanimbili, Malo, Buma, Reefs, Asumboa, Varisi, Sengga, Ghone, Malagheti, Mbaniata, Mbambatana, Poleo, Lwepe, Moli, Katazi, Tunöe, Nanggu, Vaghua, Avasö, Simbo, Lömaumbi, Mbirao, Kwaio, Lengo, Tolo, Talise, Nggela, Ghanongga, Mbareke, Vangunu, Hoava, Lokuru, Nggae, Roviana, Lungga, Savosavo, Ughele, Ririo, Malango, Mbaengguu, Longgu, Tanema, Koo, Kusaghe, Marovo, Nembao, Nduke, Ghaimuta, Nggeri, Tandai, Ghari, To'ambaita, Mbaelelea, Vano, Nginia, Ndovele, Ndi, Mbilua, Lau North, Fataleka, Kokota, Walade (LauS), Leleghia, Kmagha, Dori'o, Kwai, Poro, Arosi (Tawatana village), Samasodu, Alu, Paripao, Langalanga, Tataba, Arosi (Oneibia village), Fauro, Rennell, Mami, Kilokaka, Bellona, Blablanga, Kwara'ae, Ghove, Dhadhaje, Kia, Kahua, Kazukuru, Lavukaleve, Bauro (Baroo village), Mono, Marau, Pileni	2760	U+0062
^n	n	-na, niu	Malo, Reefs, Nanggu, Tanimbili, Lwepe, Nembao, Asumboa, Tataba, Poro, Leleghia, Kmagha, Samasodu, Ghove, Kokota, Mbambatana, Sengga, Tunöe, Ghanongga, Katazi, Blablanga, Vano, Lömaumbi, Ririo, Avasö, Mbareke, Kilokaka, Mbaniata, Sa'a (Sa'a village), Tanema, Kwaio, Ghone, Vangunu, Marovo, Mbaelelea, Ughele, Roviana, Ghaimuta, Vaghua, Nginia, Kia, Hoava, 'Are'are (Ma'asupa village), Savosavo, Mono, Buma, Alu, Fauro, Marau, 'Are'are (Waiahaa village), Tandai, Mbilua, Varisi, Mbaengguu, Nduke, Kusaghe, Nggeri, Pileni, Malango, To'ambaita, Nggela, Oroha, Simbo, Lokuru, Lavukaleve, Arosi (Tawatana village), Lungga, Ndovele, Nggae, Longgu, Moli, Mbirao, Tolo, Dori'o, Poleo, Ulawa, Lengo, Kwai, Ghari, Sa'a (A'ulu village), Malagheti, Faghani, Ndi, Anuta, Mami, Santa Ana, Rennell, Koo, Fataleka, Talise, Uki Ni Masi, Haununu, Arosi (Oneibia village), Langalanga, Santa Catalina, Bellona, Sikaiana, Agufi, Tawaroga, Rawo, Lau North, Kahua, Tikopia, Kwara'ae, Bauro (Baroo village), Bauro (Pawa village), Walade (LauS), Rihu'a, Dhadhaje, Paripao, Kazukuru	2660	U+005e U+006e
h	h	tahu, mahana	Samasodu, 'Are'are (Waiahaa village), Kia, Leleghia, Kokota, Tataba, Arosi (Tawatana village), Arosi (Oneibia village), Bauro (Pawa village), Haununu, Kmagha, Bauro (Baroo village), Faghani, Blablanga, Tawaroga, Ontong Java, Kilokaka, Malango, Sa'a (Sa'a village), Ghove, Rawo, Ulawa, Kahua, Rihu'a, Rennell, Sikaiana, Nginia, 'Are'are (Ma'asupa village), Sa'a (A'ulu village), Poro, Bellona, Oroha, Pileni, Dhadhaje, Tandai, Marau, Uki Ni Masi, Hoava, Nggela, Mono, Fauro, Nggeri, Alu, Kusaghe, Ndi, Roviana, Mbirao, Marovo, Mbaniata, Nduke, Lokuru, Kwara'ae, Moli, Vangunu, Mbareke, Nembao, Longgu, Lavukaleve, Ughele, Tolo, Simbo, Agufi, Kazukuru, Poleo, Ghaimuta, Santa Catalina, Dori'o, Malagheti	2237	U+0068
^s	s	susu-na, siu	Mbilua, Ndovele, Ghone, Varisi, Vaghua, Avasö, Mbaengguu, Lömaumbi, Ririo, Fataleka, Sengga, Lau North, Lavukaleve, Oroha, Walade (LauS), Katazi, Sa'a (A'ulu village), Alu, Fauro, Mbambatana, Kwara'ae, Ughele, Savosavo, Tunöe, Ulawa, Mono, Kwaio, 'Are'are (Ma'asupa village), Mbirao, Malagheti, Vangunu, Tolo, Ontong Java, Poleo, Nggela, Kia, Moli, 'Are'are (Waiahaa village), Langalanga, Mbareke, Sikaiana, Talise, Tandai, Kokota, Sa'a (Sa'a village), Dhadhaje, Nduke, Tikopia, Koo, Ghari, Malango, To'ambaita, Uki Ni Masi, Lokuru, Roviana, Kilokaka, Nggeri, Dori'o, Mbaniata, Nginia, Kwai, Poro, Nggae, Kmagha, Santa Catalina, Ndi, Leleghia, Blablanga, Simbo, Arosi (Oneibia village), Longgu, Ghaimuta, Arosi (Tawatana village), Lungga, Asumboa, Rennell, Haununu, Kusaghe, Marau, Rihu'a, Mbaelelea, Hoava, Bauro (Baroo village), Mami, Marovo, Kazukuru, Tawaroga, Santa Ana, Lengo, Bellona, Samasodu, Kahua, Bauro (Pawa village), Rawo, Ghove, Tataba, Buma, Agufi, Reefs, Faghani, Vano, Tanimbili, Ghanongga, Paripao, Tanema, Pileni, Malo, Anuta	2114	U+005e U+0073
v	v	uvi, kalevaŋavaŋa	Asumboa, Savosavo, Moli, Vaghua, Talise, Ghanongga, Ghone, Mbaniata, Mbirao, Tanimbili, Malango, Marovo, Tolo, Lokuru, Malagheti, Nggela, Buma, Longgu, Lavukaleve, Nginia, Ghari, Kusaghe, Nembao, Mbareke, Simbo, Poleo, Vangunu, Dhadhaje, Nduke, Hoava, Ughele, Ghaimuta, Lungga, Nggeri, Nggae, Tandai, Ndi, Lengo, Mono, Roviana, Ndovele, Mbambatana, Mbilua, Tunöe, Avasö, Tanema, Koo, Varisi, Lömaumbi, Reefs, Katazi, Samasodu, Pileni, Ririo, Kia, Sengga, Malo, Ontong Java, Kahua, Sikaiana, Bauro (Pawa village), Kilokaka, Anuta, Blablanga, Lwepe, Tataba, Tikopia, Fauro, Vano, Alu, Kmagha, Leleghia, Paripao, Kokota, Nanggu, Ghove, Bauro (Baroo village), Kazukuru, Poro, 'Are'are (Ma'asupa village), Tawaroga, Sa'a (Sa'a village), Faghani	2021	U+0076
ɔ$	ɔ	ɔnɔ, kɔkɔrakɔ	Buma, Kmagha, Nggae, Tataba, Talise, Leleghia, Malango, Poleo, Malagheti, Kilokaka, Mbirao, Ghove, Varisi, Samasodu, Blablanga, Mbaengguu, Ulawa, Kia, Mbilua, Nginia, To'ambaita, Dhadhaje, Vaghua, Ndi, Lokuru, Poro, Nembao, Nggela, Asumboa, Dori'o, Walade (LauS), Roviana, Koo, Tanimbili, Alu, Fataleka, Ghaimuta, Ghari, Kwaio, Sengga, Bauro (Pawa village), Ririo, Kokota, Ghanongga, Arosi (Tawatana village), Lömaumbi, Nanggu, Avasö, Mbareke, Tolo, Ughele, Kusaghe, Vangunu, Sa'a (A'ulu village), Ghone, Langalanga, Nduke, Lengo, Tawaroga, Moli, Paripao, Ndovele, Lungga, Mbambatana, 'Are'are (Ma'asupa village), Mbaelelea, Marovo, Lavukaleve, Hoava, Tandai, Simbo, Longgu, Kwara'ae, Marau, Mbaniata, Lau North, Savosavo, Sa'a (Sa'a village), Kahua, Arosi (Oneibia village), Reefs, Mami, Fauro, Kwai, Mono, Haununu, Tunöe	1975	U+0254 U+0024
^p	p	pua, papa	Anuta, Ghanongga, Vangunu, Mbareke, Lömaumbi, Marovo, Tunöe, Lungga, Ririo, Mbambatana, Simbo, Roviana, Avasö, Sengga, Ughele, Mbilua, Nduke, Katazi, Kia, Varisi, Hoava, Samasodu, Savosavo, Ndovele, Ghone, Vaghua, Tandai, Kusaghe, 'Are'are (Waiahaa village), Ontong Java, 'Are'are (Ma'asupa village), Marau, Nggeri, Oroha, Alu, Tikopia, Ghari, Nggae, Sikaiana, Pileni, Nggela, Lengo, Mono, Longgu, Rennell, Talise, Nginia, Fauro, Mbirao, Ndi, Poleo, Ulawa, Bellona, Rihu'a, Tolo, Malango, Reefs, Faghani, Uki Ni Masi, Sa'a (Sa'a village), Dhadhaje, Malagheti, Sa'a (A'ulu village), Haununu, Rawo, Malo, Ghaimuta, Santa Catalina, Moli, Kokota, Vano, Bauro (Baroo village), Bauro (Pawa village), Santa Ana, Koo, Buma, Blablanga, Kahua, Kilokaka, Lwepe, Agufi, Kazukuru, Tawaroga, Tataba, Tanimbili, Kmagha, Nanggu, Asumboa, Poro, Leleghia, Mami, Tanema, Ghove, Arosi (Oneibia village), Paripao, Nembao, Arosi (Tawatana village)	1926	U+005e U+0070
ɣ	ɣ	mbaɣea, taɣara	Haununu, Bauro (Pawa village), Rawo, Faghani, Agufi, Tawaroga, Mami, Santa Catalina, Bauro (Baroo village), Kahua, Santa Ana, Savosavo, Dhadhaje, Lengo, Nggela, Hoava, Nggae, Ghari, Ghaimuta, Poleo, Nduke, Talise, Kia, Malagheti, Moli, Ghanongga, Samasodu, Leleghia, Ghone, Koo, Lungga, Ughele, Kmagha, Blablanga, Tataba, Simbo, Poro, Kusaghe, Tolo, Vaghua, Roviana, Kilokaka, Kokota, Varisi, Mbirao, Lavukaleve, Ghove, Paripao, Nembao, Rennell, Mbareke, Mbaniata, Tandai, Lokuru, Katazi, Tunöe, Rihu'a, Marovo, Mbambatana, Vangunu, Nanggu, Tanema, Ririo, Arosi (Tawatana village), Nggeri	1908	U+0263
g	g	-ŋgu, ŋgaŋgau	Rennell, Tanimbili, Mbambatana, Lengo, Vaghua, Asumboa, Varisi, Ghone, Lokuru, Kwaio, Lömaumbi, Mbaniata, Katazi, Sengga, Reefs, Mbilua, Avasö, Samasodu, Tunöe, Ririo, Leleghia, Ndovele, Alu, Nduke, Ghove, Nembao, Kmagha, Tataba, Kilokaka, Tanema, Vangunu, Fauro, Mono, Kokota, Arosi (Tawatana village), Dori'o, Blablanga, Kia, Mbirao, Nggela, Kusaghe, Mbareke, Lungga, Roviana, Marovo, Poro, Ghanongga, Longgu, Vano, Tolo, Moli, Kwai, Mbaelelea, Lau North, Talise, Simbo, Mbaengguu, Arosi (Oneibia village), Walade (LauS), Savosavo, Nginia, Hoava, Ghaimuta, Malagheti, Ughele, Ghari, Malango, To'ambaita, Malo, Kazukuru, Tandai, Langalanga, Nanggu, Fataleka, Poleo, Lwepe, Dhadhaje, Nggae, Bellona, Kwara'ae, Nggeri, Buma, Ndi, Koo, Lavukaleve, Paripao, Pileni	1886	U+0067
^a	a	ao, au	Bauro (Pawa village), Faghani, Bauro (Baroo village), Haununu, Agufi, Rawo, Mono, Santa Catalina, Buma, Asumboa, Santa Ana, Alu, Rihu'a, Vano, Savosavo, Fauro, Tawaroga, Ontong Java, Anuta, Sikaiana, Mbaengguu, Kahua, Mami, Tikopia, Fataleka, Kwai, Kwaio, Arosi (Oneibia village), Tanema, Arosi (Tawatana village), To'ambaita, Lavukaleve, Ghaimuta, Mbaniata, Longgu, Lengo, Kwara'ae, Lau North, Lungga, Lömaumbi, Pileni, Moli, Uki Ni Masi, Sa'a (Sa'a village), Rennell, Ghari, Mbilua, Avasö, Nggela, Ndovele, Sa'a (A'ulu village), 'Are'are (Ma'asupa village), Malagheti, Walade (LauS), Bellona, Mbaelelea, Tolo, Nginia, Sengga, Dhadhaje, Ulawa, Ghone, Malango, Poleo, Tandai, Tanimbili, Langalanga, Nggeri, Oroha, Ghanongga, Lokuru, Roviana, Mbirao, Dori'o, 'Are'are (Waiahaa village), Talise, Nggae, Vaghua, Marau, Ughele, Koo, Nembao, Malo, Simbo, Vangunu, Ndi, Ririo, Kia, Kilokaka, Samasodu, Varisi, Hoava, Nanggu, Kmagha, Nduke, Kusaghe, Tataba, Marovo, Paripao, Kokota, Leleghia, Mbambatana, Lwepe, Blablanga, Ghove, Katazi, Tunöe, Poro, Mbareke, Kazukuru	1777	U+005e U+0061
^h	h	hai, hau	Sa'a (A'ulu village), Ulawa, Oroha, Sikaiana, Arosi (Tawatana village), Rennell, Kwara'ae, Arosi (Oneibia village), Marau, Ontong Java, Uki Ni Masi, Haununu, Kilokaka, Rihu'a, Sa'a (Sa'a village), 'Are'are (Waiahaa village), Bellona, Blablanga, 'Are'are (Ma'asupa village), Faghani, Kahua, Rawo, Mbaniata, Bauro (Baroo village), Lavukaleve, Nduke, Tawaroga, Moli, Bauro (Pawa village), Mbirao, Lokuru, Dhadhaje, Roviana, Kia, Samasodu, Fauro, Mono, Mbareke, Nggeri, Nggela, Marovo, Hoava, Ghove, Alu, Kusaghe, Tolo, Ndi, Leleghia, Malango, Tataba, Kokota, Tandai, Kmagha, Nginia, Poro, Pileni, Vangunu, Kazukuru, Simbo, Nembao, Longgu, Ughele, Kwai, Lungga, Walade (LauS), Dori'o, Malagheti	1738	U+005e U+0068
p	p	kapi, papa	Malo, Anuta, Mbilua, Lwepe, Ndovele, Roviana, Nanggu, Nduke, Reefs, Vano, Hoava, Lömaumbi, Mono, Fauro, Avasö, Ririo, Mbambatana, Tanimbili, Alu, Ghone, Marau, Savosavo, Varisi, Lungga, Tunöe, Kusaghe, Faghani, Katazi, Sengga, Oroha, Sa'a (Sa'a village), Kia, Ghanongga, Ulawa, 'Are'are (Ma'asupa village), Mbareke, Vangunu, Vaghua, 'Are'are (Waiahaa village), Ughele, Talise, Blablanga, Santa Catalina, Tikopia, Sikaiana, Rihu'a, Pileni, Haununu, Samasodu, Simbo, Bauro (Baroo village), Santa Ana, Kilokaka, Poro, Uki Ni Masi, Kokota, Sa'a (A'ulu village), Tataba, Marovo, Buma, Agufi, Kmagha, Tawaroga, Longgu, Ontong Java, Tolo, Ghove, Kahua, Malagheti, Mbirao, Rawo, Rennell, Leleghia, Nggela, Moli, Lengo, Bellona, Kazukuru, Tandai, Ghaimuta, Ghari, Nginia, Dhadhaje, Bauro (Pawa village), Nggeri, Poleo, Nggae, Tanema, Malango, Ndi, Koo, Nembao, Mami, Asumboa, Arosi (Oneibia village), Arosi (Tawatana village), Paripao	1732	U+0070
^l	l	lima, lua	Dori'o, Kwaio, Pileni, Lavukaleve, Sikaiana, Mbirao, Malango, Nginia, Ontong Java, Mbilua, Nggela, Ghaimuta, Moli, Walade (LauS), Savosavo, Mono, Ndovele, Langalanga, Nanggu, Malagheti, Tolo, Ghari, Talise, Poleo, Malo, Lungga, Lengo, Kwai, Mbaelelea, Uki Ni Masi, Tandai, Ghanongga, Sa'a (A'ulu village), Nggae, Ulawa, Kwara'ae, Ririo, Alu, Fauro, Longgu, Vaghua, Nggeri, Ndi, Lau North, To'ambaita, Lwepe, Vano, Ghone, Tanema, Nduke, Koo, Nembao, Mbambatana, Sengga, Simbo, Mbaengguu, Fataleka, Sa'a (Sa'a village), Reefs, Lömaumbi, Vangunu, Buma, Dhadhaje, Roviana, Marovo, Ughele, Varisi, Asumboa, Avasö, Tunöe, Lokuru, Mbareke, Katazi, Kia, Kusaghe, Kmagha, Tataba, Poro, Paripao, Leleghia, Kokota, Samasodu, Tanimbili, Ghove, Rennell, Hoava, Bellona, Kazukuru, Kilokaka, Tikopia, Blablanga, Mbaniata, Oroha	1718	U+005e U+006c
^v	v	vua, vitu	Nggela, Moli, Malango, Nggae, Mbambatana, Malagheti, Mbirao, Talise, Tolo, Poleo, Lengo, Ghari, Nginia, Dhadhaje, Tunöe, Tandai, Nggeri, Ndi, Katazi, Ghanongga, Ghone, Longgu, Sengga, Lömaumbi, Ririo, Lungga, Buma, Nduke, Ndovele, Mbilua, Avasö, Vaghua, Tanema, Ghaimuta, Vangunu, Koo, Kusaghe, Nembao, Hoava, Ughele, Mbaniata, Varisi, Simbo, Asumboa, Lavukaleve, Roviana, Tanimbili, Kia, Mbareke, Mono, Lokuru, Pileni, Kahua, Savosavo, Ontong Java, Sikaiana, Marovo, Anuta, Samasodu, Tikopia, Paripao, Reefs, Kazukuru, Lwepe, Leleghia, Kilokaka, Kmagha, Tataba, Malo, Kokota, Poro, Blablanga, Vano, Ghove, Nanggu, Rennell, Agufi	1651	U+005e U+0076
^r	r	ria, rua	'Are'are (Waiahaa village), Kahua, Santa Ana, Santa Catalina, Marau, Mami, Arosi (Tawatana village), Rihu'a, Arosi (Oneibia village), Haununu, Faghani, 'Are'are (Ma'asupa village), Tawaroga, Nembao, Bauro (Pawa village), Oroha, Tikopia, Rawo, Anuta, Agufi, Mbaniata, Langalanga, Nduke, Bauro (Baroo village), Avasö, Lömaumbi, Kazukuru, Alu, Kwai, Mono, Mbambatana, Sengga, Fauro, To'ambaita, Talise, Uki Ni Masi, Nggela, Tunöe, Varisi, Dhadhaje, Moli, Ghone, Mbaelelea, Katazi, Ghanongga, Hoava, Kusaghe, Longgu, Malagheti, Kwara'ae, Mbirao, Tolo, Mbareke, Ghaimuta, Walade (LauS), Vangunu, Marovo, Lau North, Malango, Lungga, Lengo, Ndi, Fataleka, Tandai, Mbilua, Nginia, Samasodu, Ndovele, Ulawa, Ughele, Ririo, Poleo, Tanimbili, Nggae, Vaghua, Nggeri, Ghari, Kia, Sa'a (A'ulu village), Roviana, Savosavo, Koo, Lavukaleve, Simbo, Mbaengguu, Sa'a (Sa'a village), Lokuru, Buma, Kwaio, Kmagha, Poro, Tataba, Tanema, Ghove, Leleghia, Vano, Kilokaka, Blablanga, Dori'o, Paripao, Kokota	1529	U+005e U+0072
d	d	-nda, ndɔu	Reefs, Ughele, Lömaumbi, Avasö, Malo, Nggela, Buma, Katazi, Tanema, Mbambatana, Ghone, Nanggu, Simbo, Nggeri, Tunöe, Nggae, Kwaio, Sengga, Tandai, Nginia, Roviana, Savosavo, Varisi, Marovo, Asumboa, Ririo, Lungga, Lokuru, Mbaelelea, Vano, Mbaengguu, Arosi (Oneibia village), Vangunu, Arosi (Tawatana village), Malango, Mbareke, Vaghua, Mbaniata, Nduke, Ghari, Longgu, Ghanongga, Lwepe, Hoava, Ndi, Samasodu, Mbirao, To'ambaita, Ghaimuta, Mbilua, Kia, Kusaghe, Kokota, Lau North, Ndovele, Talise, Lengo, Langalanga, Fataleka, Tolo, Poleo, Malagheti, Dhadhaje, Blablanga, Moli, Walade (LauS), Dori'o, Koo, Ghove, Kmagha, Tanimbili, Leleghia, Tataba, Kwai, Kilokaka, Kwara'ae, Kazukuru, Poro, Paripao, Nembao, Pileni, Mono, Lavukaleve	1440	U+0064
^i	i	inu, ia	Nanggu, Nembao, Ulawa, Lengo, Malango, Buma, Lungga, Asumboa, Tawaroga, Bauro (Pawa village), Moli, Sa'a (A'ulu village), Tandai, Sikaiana, Rawo, Ghari, Simbo, 'Are'are (Ma'asupa village), Anuta, Koo, Uki Ni Masi, Haununu, Nggela, Ghaimuta, Langalanga, Tikopia, Mbirao, Faghani, 'Are'are (Waiahaa village), Nggae, Nduke, Bauro (Baroo village), Mami, Marovo, Vano, Oroha, Tanimbili, Sa'a (Sa'a village), Arosi (Oneibia village), Reefs, Longgu, Arosi (Tawatana village), Varisi, Agufi, Dhadhaje, Santa Ana, Marau, Bellona, Vangunu, Kwara'ae, Pileni, Lau North, Avasö, Kahua, Kusaghe, Mbareke, Santa Catalina, Nggeri, Dori'o, Rennell, Ontong Java, Poleo, Lokuru, Ughele, Talise, Kokota, Fauro, Lömaumbi, Mono, Lavukaleve, Hoava, Mbaengguu, Alu, Roviana, Tataba, Vaghua, Ghone, Walade (LauS), Rihu'a, Mbaelelea, Leleghia, Fataleka, To'ambaita, Nginia, Ndovele, Kwaio, Tolo, Mbilua, Samasodu, Ghanongga, Kmagha, Malagheti, Kwai, Tanema, Mbaniata, Savosavo, Sengga, Ghove, Poro, Malo, Blablanga, Kia, Kilokaka, Ndi, Paripao, Kazukuru, Mbambatana, Lwepe, Katazi, Ririo	1230	U+005e U+0069
_	_	kesa saŋatu, lae mai	Hoava, Vano, Roviana, Marovo, Vangunu, Ontong Java, Kusaghe, Buma, Mbaengguu, Mbareke, Mbambatana, Malo, Tataba, Ghanongga, Leleghia, Fataleka, Nduke, Malango, Blablanga, Sengga, Sa'a (A'ulu village), Nggae, Sikaiana, Ughele, Lwepe, Asumboa, Mbaniata, To'ambaita, Samasodu, Kia, Mbaelelea, Katazi, Kmagha, Bauro (Pawa village), Longgu, Kilokaka, Ghone, Poro, Avasö, Kwara'ae, Dori'o, Tandai, Varisi, Ulawa, Lungga, Rennell, Simbo, Lokuru, Nanggu, Moli, Lengo, Walade (LauS), Tikopia, Ririo, Poleo, Tunöe, Tanema, Faghani, Ghove, Uki Ni Masi, Tanimbili, Sa'a (Sa'a village), Bauro (Baroo village), Tawaroga, Lömaumbi, Anuta, Savosavo, Kwaio, Santa Ana, Malagheti, Bellona, 'Are'are (Waiahaa village), Pileni, Lau North, Kokota, Nginia, Oroha, Ndovele, Reefs, Mami, Santa Catalina, Nggeri, Lavukaleve, 'Are'are (Ma'asupa village), Vaghua, Marau, Kwai, Koo, Ghari, Nembao, Talise, Nggela, Alu, Kahua, Arosi (Tawatana village), Tolo, Ndi, Mbilua, Haununu, Arosi (Oneibia village), Fauro, Ghaimuta, Rawo, Kazukuru, Mono, Agufi, Dhadhaje, Langalanga, Mbirao, Rihu'a, Paripao	1215	U+005f
^ŋ	ŋ	-ŋgu, ŋutu	Bellona, Kwaio, Rennell, Vano, Mbaengguu, Sengga, Varisi, Tanema, Mbaelelea, Avasö, Vaghua, Ghone, Lömaumbi, To'ambaita, Longgu, Katazi, Ririo, Nginia, Mbirao, Mbambatana, Nanggu, Nduke, Kusaghe, Mbareke, Tolo, Ontong Java, Mbilua, Malo, Tunöe, Tanimbili, Ndovele, Ghaimuta, Vangunu, Ghari, Talise, Nggela, Roviana, Savosavo, Arosi (Tawatana village), Malagheti, Marovo, Ughele, Fataleka, Kazukuru, Malango, Nembao, Poleo, Tandai, Buma, Ghanongga, Lokuru, Arosi (Oneibia village), Tikopia, Ndi, Lavukaleve, Nggae, Moli, Lengo, Nggeri, Dori'o, Lau North, Hoava, Asumboa, Uki Ni Masi, Lwepe, Sa'a (A'ulu village), Reefs, Mami, Tawaroga, Bauro (Pawa village), Santa Ana, Santa Catalina, Lungga, Kwara'ae, Rihu'a, Mbaniata, Pileni, Anuta, Koo, Dhadhaje, Bauro (Baroo village), Ulawa, Walade (LauS), Faghani, Kahua, Kmagha, Kwai, Poro, Leleghia, Kia, Simbo, Agufi, Tataba, Kilokaka, Kokota, Samasodu, Blablanga, Fauro, Rawo, Ghove, Paripao, Haununu, Alu	916	U+005e U+014b
^ɣ	ɣ	ɣai, ɣau	Agufi, Talise, Malagheti, Rawo, Poleo, Haununu, Nduke, Ughele, Nggela, Tawaroga, Santa Ana, Hoava, Kahua, Nggae, Kia, Ghanongga, Santa Catalina, Bauro (Baroo village), Mami, Kusaghe, Ghaimuta, Bauro (Pawa village), Simbo, Lengo, Dhadhaje, Roviana, Kokota, Lungga, Samasodu, Tunöe, Ghari, Tolo, Faghani, Blablanga, Koo, Kilokaka, Katazi, Kmagha, Savosavo, Leleghia, Ghove, Rennell, Tataba, Poro, Ghone, Ririo, Mbambatana, Vaghua, Paripao, Mbaniata, Varisi, Rihu'a, Longgu, Mbareke, Lokuru, Lömaumbi, Sengga, Marovo, Reefs, Lwepe, Nanggu, Mbirao, Nembao, Lavukaleve, Kwaio, Nggeri, Malo	897	U+005e U+0263
^f	f	fai, fiu	Tikopia, To'ambaita, Fataleka, Kwaio, Lau North, Mbaengguu, Mbaelelea, Langalanga, Dori'o, Walade (LauS), Santa Catalina, Mami, Santa Ana, Kwai, Agufi, Lavukaleve, Vano, Lokuru, Mbaniata, Blablanga, Kokota, Kilokaka, Poro, Tataba, Leleghia, Kmagha, Pileni, Ghove, Kia, Samasodu, Buma, Tanema, Dhadhaje, Alu, Kwara'ae, Fauro, Nembao, Anuta	894	U+005e U+0066
f	f	ifu-na, ifai	Santa Catalina, Dori'o, Mami, Agufi, Santa Ana, Tikopia, Kwaio, Lokuru, Mbaniata, Langalanga, Mbaelelea, Mbaengguu, Poro, Lau North, Fataleka, To'ambaita, Walade (LauS), Samasodu, Tataba, Kmagha, Kwai, Lavukaleve, Kokota, Ghove, Blablanga, Kia, Leleghia, Kilokaka, Vano, Pileni, Nembao, Nanggu, Dhadhaje, Alu	827	U+0066
a!	a!	mata!i, ha!u	Dori'o, Kilokaka, Oroha, 'Are'are (Ma'asupa village), Kwaio, Sa'a (Sa'a village), Marau, Sa'a (A'ulu village), Ulawa, Rihu'a, Arosi (Oneibia village), Arosi (Tawatana village), 'Are'are (Waiahaa village), Bellona, To'ambaita, Rennell, Uki Ni Masi, Leleghia, Kmagha, Ontong Java, Blablanga, Longgu, Tataba, Mono, Fauro, Poro, Alu, Langalanga, Ghove, Fataleka, Ririo, Kwara'ae, Dhadhaje, Walade (LauS), Mbaengguu, Lau North, Kwai, Mbaelelea, Tikopia, Samasodu, Ndovele, Mbareke, Faghani, Poleo, Pileni	729	U+0061 U+0021
^u	u	ura, uvi	Mbaniata, Sikaiana, Tikopia, Lokuru, Anuta, Langalanga, Arosi (Tawatana village), Lengo, Marau, Ontong Java, Nggela, Arosi (Oneibia village), Vangunu, Dori'o, To'ambaita, Mono, Buma, Sa'a (Sa'a village), Mbaengguu, Fauro, Longgu, Ghaimuta, Moli, Malagheti, Walade (LauS), Pileni, Ughele, Rennell, Uki Ni Masi, Mbilua, Alu, 'Are'are (Ma'asupa village), Mbareke, Ulawa, Kwai, Bellona, 'Are'are (Waiahaa village), Savosavo, Vano, Ndovele, Kwaio, Tolo, Marovo, Lau North, Fataleka, Tandai, Nginia, Oroha, Varisi, Sa'a (A'ulu village), Mbirao, Koo, Malango, Talise, Bauro (Pawa village), Lungga, Tanema, Mbaelelea, Faghani, Nggeri, Ndi, Ghari, Poleo, Haununu, Simbo, Dhadhaje, Nggae, Nanggu, Bauro (Baroo village), Kusaghe, Tataba, Santa Catalina, Kilokaka, Rihu'a, Rawo, Ghove, Nembao, Avasö, Samasodu, Lavukaleve, Kia, Reefs, Mami, Paripao, Blablanga, Tanimbili, Ghanongga, Hoava, Agufi, Kahua, Kmagha, Roviana, Santa Ana, Lömaumbi, Kwara'ae, Leleghia, Ririo, Kokota, Malo, Nduke, Tawaroga, Vaghua, Ghone, Asumboa, Poro, Lwepe, Sengga	667	U+005e U+0075
^w	w	wai, waru	Bauro (Baroo village), Rawo, Haununu, Mami, 'Are'are (Ma'asupa village), Rihu'a, Bauro (Pawa village), Buma, Oroha, Santa Ana, Arosi (Tawatana village), 'Are'are (Waiahaa village), Agufi, Faghani, Sa'a (Sa'a village), Santa Catalina, Arosi (Oneibia village), Sa'a (A'ulu village), Tawaroga, Uki Ni Masi, Ulawa, Kwaio, Marau, Langalanga, Vano, Lau North, Kwai, Tanema, Nanggu, Dori'o, Asumboa, Walade (LauS), Tanimbili, Nembao, Reefs, Longgu, Kahua, Fataleka, Lwepe, Malo, Ghari, To'ambaita, Mono, Ririo, Nggeri	551	U+005e U+0077
w	w	siwa, tewa	Faghani, Rihu'a, Agufi, Rawo, Tawaroga, Sa'a (A'ulu village), Haununu, Mami, Ulawa, Santa Ana, Arosi (Tawatana village), 'Are'are (Waiahaa village), Bauro (Baroo village), Arosi (Oneibia village), Oroha, Uki Ni Masi, Sa'a (Sa'a village), Santa Catalina, Buma, Bauro (Pawa village), Nanggu, Vano, Asumboa, Malo, 'Are'are (Ma'asupa village), Tanimbili, Nembao, Marau, Reefs, Longgu, Lwepe, Tanema, Kwai, Fauro, Pileni, Langalanga, Lau North, Tikopia, Kwara'ae, Mono, Kwaio, Walade (LauS), Kahua	486	U+0077
^e	e	eta, eno	Tawaroga, Buma, Reefs, Alu, Mami, Pileni, Mono, Fauro, Mbaniata, Lokuru, Savosavo, Vano, Ontong Java, Bauro (Baroo village), Santa Ana, Vaghua, Santa Catalina, Marau, Vangunu, Lavukaleve, Uki Ni Masi, Nduke, Longgu, Tanema, Tikopia, Faghani, Mbilua, Malo, Sa'a (Sa'a village), Hoava, Dhadhaje, Kahua, 'Are'are (Ma'asupa village), Lungga, Mbareke, Ulawa, Kwai, Marovo, Lau North, Ghari, Talise, Ririo, Lwepe, Tandai, Nggela, Tunöe, Oroha, Ghaimuta, Arosi (Tawatana village), Moli, Lengo, Mbirao, Tolo, Nggeri, Malango, Avasö, Ndovele, Kwaio, Simbo, Langalanga, Kmagha, Nanggu, Arosi (Oneibia village), Kusaghe, Bellona, Kwara'ae, Rawo, Dori'o, Ndi, Ghove, Ughele, Anuta, Rennell, Koo, Fataleka, Kazukuru, Poleo, Kokota, Haununu, Samasodu, Kia, Sa'a (A'ulu village), Agufi, Nggae, Roviana, Bauro (Pawa village), Tataba, Ghone, Lömaumbi, Walade (LauS), Sikaiana, 'Are'are (Waiahaa village), Poro, Paripao, Nginia, Blablanga, Varisi, Ghanongga	470	U+005e U+0065
ā	ā	mā-na, wātea	Fauro, Ontong Java, Alu, Sikaiana, Dori'o, Mono, Bellona, Nembao, Anuta, Rennell, Arosi (Oneibia village), Samasodu, Langalanga, Bauro (Baroo village), Bauro (Pawa village), Lau North, Oroha, Faghani, Arosi (Tawatana village), Kwara'ae, Fataleka, Kwaio, To'ambaita, Santa Ana, Haununu, Rihu'a, Mbaelelea, Rawo, Sa'a (Sa'a village), Tolo, Sa'a (A'ulu village), Pileni, Mbaengguu, Asumboa, Tawaroga, Vaghua, Walade (LauS), Lokuru, Mbaniata, Poro, Nggela, Reefs, Lungga, 'Are'are (Waiahaa village), Kahua, Kmagha, Kwai, Nanggu, Tikopia, 'Are'are (Ma'asupa village), Mami, Tanimbili, Leleghia, Lavukaleve, Poleo, Lengo, Ughele, Kilokaka, Tunöe, Varisi, Ghari, Kusaghe, Ririo, Longgu, Moli, Ulawa, Agufi, Malagheti, Marau	460	U+0101
^b	b	bebe, biti	Dori'o, Lau North, Kwai, Samasodu, Leleghia, Alu, Kmagha, Kilokaka, Fauro, Langalanga, Arosi (Oneibia village), Kia, Ghove, Walade (LauS), Dhadhaje, Kwara'ae, Tataba, Arosi (Tawatana village), Bauro (Baroo village), Poro, Bellona, Mami, Rennell, Blablanga, Fataleka, Kahua, Kokota, To'ambaita, Kazukuru, Bauro (Pawa village), Mono, Kwaio, Pileni, Mbaengguu, Nggela, Mbaelelea, Lömaumbi, Faghani, Avasö, Vaghua, Sa'a (Sa'a village), Vano, Lokuru, Asumboa	437	U+005e U+0062
^g	g	-gu, glaba	Poro, Leleghia, Kmagha, Tataba, Blablanga, Ghove, Lau North, Samasodu, Kilokaka, Kwai, Kokota, Walade (LauS), Dori'o, Langalanga, Kia, Arosi (Oneibia village), Arosi (Tawatana village), Kwara'ae, Bellona, Fataleka, Kazukuru, Dhadhaje, Kwaio, Alu, Fauro, Mono, Nanggu, Vano	431	U+005e U+0067
z	z	pazapaza, zazahɔ	Ughele, Mbaniata, Ghanongga, Lokuru, Mbareke, Mbilua, Savosavo, Ndovele, Lömaumbi, Avasö, Tunöe, Samasodu, Vangunu, Varisi, Mbambatana, Kia, Katazi, Blablanga, Sengga, Kilokaka, Kusaghe, Kokota, Poro, Roviana, Nduke, Nginia, Vaghua, Hoava, Ghone, Kazukuru, Ririo, Marovo, Simbo, Lengo	410	U+007a
œ	œ	kœkœpa, mœnœwœla	Malo, Lwepe, Katazi, Mbambatana, Lömaumbi, Nanggu, Avasö, Tunöe, Nembao, Sengga, Kahua, Tawaroga, Ririo, Vaghua, Mami, Ghone	391	U+0153
^o	o	ono, one	Lavukaleve, Kahua, Kwai, Oroha, Sa'a (Sa'a village), Lokuru, Marau, Tanema, Arosi (Oneibia village), Mami, Fauro, Mono, Mbaniata, Bauro (Baroo village), 'Are'are (Ma'asupa village), Longgu, Uki Ni Masi, Lungga, Lau North, Tikopia, Kwara'ae, Reefs, Mbaelelea, Rawo, Arosi (Tawatana village), 'Are'are (Waiahaa village), Langalanga, Santa Ana, Santa Catalina, Lengo, Rennell, Bellona, Tanimbili, Ndovele, Ontong Java, Anuta, Nanggu, Savosavo, Rihu'a, Tawaroga, Marovo, Faghani, Pileni, Vano, Haununu, Asumboa, Vangunu, Sikaiana, Simbo, Hoava, Agufi, Ughele, Malo, Alu, Buma, Ghari, Kusaghe, Kwaio, Lwepe, Mbilua, Avasö, Nggeri, Roviana, Nduke, Fataleka, Sengga, Ghaimuta, Kokota, Ghone, Lömaumbi	380	U+005e U+006f
ñ	ñ	nañafa-ña, añe	Dhadhaje, Leleghia, Kmagha, Poro, Tataba, Tanimbili, Nembao, Asumboa, Mbilua, Ndovele, Ghove, Savosavo, Simbo, Lungga, Ghanongga, Buma, Reefs, Lwepe, Malo, Blablanga, Tanema	377	U+00f1
ĵ	ĵ	nĵanĵu, manĵa	Tataba, Vangunu, Mbareke, Mbambatana, Ghone, Kmagha, Tunöe, Asumboa, Leleghia, Katazi, Ndovele, Mbilua, Marovo, Sengga, Vaghua, Reefs, Tanimbili, Lungga, Ghove, Poro, Ughele, Savosavo, Ririo, Ghanongga, Mbirao, Nembao, Dhadhaje, Malango, Simbo, Ghaimuta, Nggeri, Tandai, Buma, Tanema, Nanggu, Nggae, Hoava, Vano, Nginia, Mbaniata, Lömaumbi	328	U+0135
^z	z	zo, zale	Ririo, Tunöe, Mbambatana, Katazi, Ughele, Mbilua, Mbaniata, Lömaumbi, Samasodu, Ndovele, Avasö, Lokuru, Kia, Sengga, Savosavo, Mbareke, Vaghua, Vangunu, Varisi, Kilokaka, Kokota, Kazukuru, Ghone, Nduke, Roviana, Blablanga, Ghanongga, Kusaghe, Hoava, Poro, Lungga	319	U+005e U+007a
ɛ	ɛ	mbɛta, kamɛnĵe	Roviana, Mbareke, Ririo, Marovo, Lungga, Ndovele, Lokuru, Simbo, Vangunu, Tunöe, Nanggu, Lengo, Kwara'ae, Nembao, Sa'a (A'ulu village), Mbaengguu, Ughele, Sa'a (Sa'a village), Kwaio, Kokota, Ulawa, Walade (LauS), Asumboa, Kusaghe, Hoava, Lömaumbi, Katazi, Nduke, Mbirao, Tanimbili, Tawaroga, Bauro (Pawa village), To'ambaita, Marau, Arosi (Tawatana village), Sengga, Langalanga, Kmagha, Varisi, Samasodu, Fauro, Mono, Lavukaleve, Faghani, Poleo, Ghone, Nginia, Mbaniata, Alu	315	U+025b
ā$	ā	mā, tā	Sikaiana, Dori'o, Kwaio, 'Are'are (Waiahaa village), Lau North, Mbaengguu, Kwai, Ontong Java, Sa'a (A'ulu village), Pileni, Langalanga, Oroha, Rennell, Arosi (Oneibia village), Reefs, Fataleka, Mbaelelea, To'ambaita, Arosi (Tawatana village), Bellona, Faghani, Rawo, Ulawa, Ghari, Malango, Bauro (Pawa village), Anuta, 'Are'are (Ma'asupa village), Ghaimuta, Walade (LauS), Haununu, Bauro (Baroo village), Tanimbili, Lavukaleve, Tandai, Sa'a (Sa'a village), Lokuru, Marau, Tikopia, Koo, Rihu'a, Tawaroga, Tolo, Poleo, Santa Catalina, Ghone, Asumboa, Ughele, Mbaniata, Nggela, Katazi, Tunöe, Nanggu, Varisi, Lömaumbi, Longgu, Mbareke, Nggae, Kia, Uki Ni Masi, Avasö, Moli, Malagheti, Nginia, Sengga, Kilokaka, Kahua	279	U+0101 U+0024
ə	ə	sənəŋga, təkkɔ	Vaghua, Sengga, Avasö, Lömaumbi, Nanggu, Mbambatana, Tunöe, Tawaroga, Mami, Kwara'ae, Malo, Ririo, Nembao, Lwepe, Ughele	274	U+0259
^ɔ	ɔ	ɔnɔ, ɔru	Sa'a (A'ulu village), To'ambaita, Ulawa, Fataleka, Walade (LauS), Dori'o, Mbaengguu, Kwaio, Lokuru, Vaghua, Alu, Buma, Bauro (Pawa village), Ughele, Roviana, Mbilua, Arosi (Tawatana village), Dhadhaje, Nduke, Malango, Nanggu, Talise, Marovo, Ghanongga, Lau North, Nggela, Vangunu, Kwara'ae, Tawaroga, Lavukaleve, Mbareke, Nggae, Ghaimuta, Poleo, Tandai, Avasö, Moli, Langalanga, Samasodu, Mbirao, Koo, Kusaghe, Longgu, Kia, Sengga, Haununu, Malagheti, Nginia, Marau, Paripao, Varisi, Ghari, Fauro, Mbaelelea, Ndovele, Nembao, Mono, Tolo, Simbo, Tataba, Sa'a (Sa'a village), Hoava, Lungga, Lengo, Ndi, Mbaniata, Poro, Kilokaka	271	U+005e U+0254
č	č	čiči, ači	Moli, Talise, Tolo, Poleo, Malagheti, Mbirao, Ghari, Malango, Sa'a (A'ulu village), Koo, Ulawa, Nginia, Tandai, Nggeri, Nggae, Ndi, Marovo, Ghaimuta, Nembao, Poro, Vaghua	267	U+010d
^č	č	čiči, čuve	Mbirao, Malango, Talise, Ghari, Moli, Tolo, Malagheti, Nginia, Marovo, Poleo, Tandai, Nggeri, Nggae, Ndi, Koo, Ghaimuta, Sa'a (A'ulu village), Ulawa, Nembao, Tataba, Poro, Kmagha, Leleghia, Ghove, Tanema, Vangunu, Ririo, Vaghua	265	U+005e U+010d
^!a	!a	!ai, !ala	Lau North, Walade (LauS), Langalanga, Kwai, Rihu'a, Kwaio, Ontong Java, Sa'a (Sa'a village), Arosi (Oneibia village), Sa'a (A'ulu village), Arosi (Tawatana village), Ulawa, Rennell, Fataleka, Uki Ni Masi, Dori'o, Mbaengguu, Bellona, Kwara'ae, Longgu, Marau, Oroha, 'Are'are (Ma'asupa village), Mbaelelea, To'ambaita, 'Are'are (Waiahaa village), Alu, Fauro, Mono, Kmagha, Savosavo, Leleghia, Agufi	244	U+005e U+0021 U+0061
i!	i!	ki!iki!i-na, di!a	'Are'are (Waiahaa village), 'Are'are (Ma'asupa village), Sa'a (Sa'a village), Arosi (Oneibia village), Dori'o, Oroha, Marau, Kwara'ae, Arosi (Tawatana village), Rihu'a, Ontong Java, Sa'a (A'ulu village), Ulawa, Poro, Kilokaka, To'ambaita, Mono, Kwaio, Uki Ni Masi, Kmagha, Bellona, Tataba, Rennell, Leleghia, Fauro, Longgu, Dhadhaje, Alu, Langalanga, Fataleka, Mbaelelea, Mbaengguu, Lau North, Blablanga, Ririo, Walade (LauS), Ghove	216	U+0069 U+0021
u!	u!	su!u, tu!u	To'ambaita, Kilokaka, Arosi (Tawatana village), Rennell, Mono, Longgu, Bellona, Fauro, Kmagha, Blablanga, 'Are'are (Ma'asupa village), Ontong Java, Sa'a (Sa'a village), 'Are'are (Waiahaa village), Oroha, Leleghia, Kwaio, Uki Ni Masi, Sa'a (A'ulu village), Alu, Arosi (Oneibia village), Rihu'a, Ulawa, Tataba, Dori'o, Dhadhaje, Mbaengguu, Fataleka, Poro, Marau, Kwara'ae, Walade (LauS), Lau North, Kwai, Samasodu, Mbaelelea, Malango, Langalanga	204	U+0075 U+0021
^d	d	-da, dɔkha	Lau North, Kwara'ae, Arosi (Oneibia village), Langalanga, Blablanga, Samasodu, Kilokaka, Kia, Poro, Kwai, Fataleka, Kokota, Walade (LauS), Kmagha, Leleghia, Arosi (Tawatana village), Ghove, Tataba, Dori'o, Dhadhaje, Kwaio, Nanggu, Kusaghe, Kazukuru, Mbaelelea, Lavukaleve, Lwepe, Hoava, Nginia, Mbaengguu, Malo	203	U+005e U+0064
e!	e!	he!a, hehe!a	Kwara'ae, Ulawa, To'ambaita, Sa'a (A'ulu village), Kilokaka, 'Are'are (Ma'asupa village), Dori'o, Kwaio, Arosi (Oneibia village), Fauro, Marau, Sa'a (Sa'a village), Arosi (Tawatana village), Oroha, Blablanga, Poro, Alu, Leleghia, Mono, Ontong Java, Uki Ni Masi, Tataba, 'Are'are (Waiahaa village), Kmagha, Bellona, Longgu, Dhadhaje, Rennell, Rihu'a, Nduke, Fataleka, Mbaelelea, Lungga, Walade (LauS), Mbaengguu	203	U+0065 U+0021
œ$	œ	ŋœ, müŋœ	Nembao, Malo, Lwepe, Nanggu, Tawaroga, Kahua, Mami, Tunöe, Mbambatana, Katazi, Vaghua	188	U+0153 U+0024
^kh	kh	khɔ!u, kha!aɣi	Leleghia, Kmagha, Tataba, Kilokaka, Ghove, Poro, Blablanga, Pileni, Nembao, Nanggu	163	U+005e U+006b U+0068
^pw	pw	pwaraŋa, pwaro	Santa Catalina, Santa Ana, Haununu, Rihu'a, Agufi, Faghani, Uki Ni Masi, Tanimbili, Sa'a (A'ulu village), Ulawa, Vano, Sa'a (Sa'a village), Tawaroga, Rawo, Malo, Arosi (Oneibia village), Reefs, Arosi (Tawatana village), Buma, 'Are'are (Ma'asupa village), Nembao, Lwepe, Asumboa	156	U+005e U+0070 U+0077
o!	o!	to!o, to!a	'Are'are (Waiahaa village), Oroha, Marau, Sa'a (Sa'a village), 'Are'are (Ma'asupa village), Longgu, Arosi (Oneibia village), Fauro, Mono, Rennell, Rihu'a, Bellona, Kwaio, Fataleka, Lau North, Kwara'ae, Mbaelelea, To'ambaita, Uki Ni Masi, Arosi (Tawatana village), Langalanga, Kwai, Ririo, Ontong Java, Alu	154	U+006f U+0021
^th	th	thuta, thɔna	Leleghia, Kmagha, Tataba, Ghove, Blablanga, Poro, Kilokaka, Mbaniata, Lokuru, Nembao, Pileni, Samasodu, Nggela, Nanggu	142	U+005e U+0074 U+0068
^mw	mw	mwane, mwā	Tawaroga, Rihu'a, Sa'a (A'ulu village), Santa Catalina, Ulawa, Mami, Longgu, Santa Ana, Sa'a (Sa'a village), Agufi, Nanggu, Uki Ni Masi, Vano, Arosi (Tawatana village), Buma, Reefs, Arosi (Oneibia village), Tanimbili, Haununu, Faghani, Malo, Bauro (Baroo village), Nembao, Bauro (Pawa village), Langalanga, Tanema, Asumboa, Kahua	139	U+005e U+006d U+0077
ɔ!	ɔ!	khɔ!u, kɔ!u	Dori'o, Kilokaka, Blablanga, Kwaio, Sa'a (A'ulu village), To'ambaita, Ulawa, Alu, Poro, Kmagha, Leleghia, Tataba, Arosi (Tawatana village), Kwara'ae, Fataleka, Ririo, Walade (LauS), Dhadhaje, 'Are'are (Ma'asupa village), Marau, Mono, Mbaengguu, Nggae	137	U+0254 U+0021
^ñ	ñ	-ña, ñoro	Reefs, Asumboa, Savosavo, Dhadhaje, Ndovele, Poro, Tanimbili, Mbilua, Simbo, Lungga, Kmagha, Leleghia, Ghanongga, Tataba, Ghove, Tanema, Nembao, Lwepe, Malo, Blablanga, Vano, Kilokaka	128	U+005e U+00f1
kw	kw	sikwa, tekwa	Dori'o, Tanimbili, Mbaelelea, To'ambaita, Fataleka, Kwai, Mbaengguu, Langalanga, Lau North, Kwara'ae, Kwaio, Walade (LauS), Vano, Nembao, 'Are'are (Ma'asupa village), Nanggu	127	U+006b U+0077
^ā	ā	āro, āo	Mbaniata, Lokuru, Dori'o, Fauro, Mbaelelea, Alu, Rihu'a, Santa Ana, Langalanga, Mono, Faghani, Kwaio, Sa'a (Sa'a village), Mbaengguu, Oroha, Bauro (Baroo village), 'Are'are (Ma'asupa village), Tawaroga, Nembao, Ontong Java, 'Are'are (Waiahaa village), Asumboa, Walade (LauS), Lau North, Nanggu, Arosi (Oneibia village), Kwara'ae, Mbirao, Sikaiana, Fataleka, Bauro (Pawa village), Tolo, Rawo, Sa'a (A'ulu village), Tataba, Vaghua, Arosi (Tawatana village), Haununu, Marau, Kahua	124	U+005e U+0101
l$	l	niel, haɔl	Kwara'ae, Ririo, Lavukaleve, Vaghua, Lau North, Kia, Katazi, Simbo, Lokuru, Ndi, Fauro, Nanggu, Lwepe, Mono, Mbilua, Alu, Nduke, Vano, Samasodu, Reefs	116	U+006c U+0024
^kw	kw	kwasi, kwalu	Langalanga, Kwaio, Kwai, Mbaengguu, Mbaelelea, To'ambaita, Kwara'ae, Lau North, Dori'o, Walade (LauS), Tanimbili, Fataleka, Vano, 'Are'are (Ma'asupa village), Nembao	108	U+005e U+006b U+0077
pw	pw	pwopwoŋa, apwoupwou	Reefs, Santa Ana, Faghani, Santa Catalina, Rihu'a, Tawaroga, Ulawa, Agufi, Vano, Nanggu, Haununu, Asumboa, Malo, Tanimbili, Sa'a (A'ulu village), Arosi (Tawatana village), Uki Ni Masi, Lwepe, Sa'a (Sa'a village), Buma, Arosi (Oneibia village), Nembao, Rawo	103	U+0070 U+0077
ū$	ū	ŋū, nunū	Pileni, Fataleka, Reefs, Mbaelelea, Ontong Java, Lau North, Sikaiana, Kwai, Mami, Tawaroga, Santa Catalina, Dori'o, Mbaengguu, Langalanga, Kwara'ae, Tanimbili, Rihu'a, Bauro (Pawa village), To'ambaita, Kwaio, Walade (LauS), Sengga, Lömaumbi, Kahua, Katazi, Tunöe, Tikopia, Blablanga, Bauro (Baroo village), 'Are'are (Ma'asupa village), Koo, Ghari, Malango, Mono, Lavukaleve, Santa Ana, Mbambatana, Ghaimuta, Rawo, Tandai, Avasö, Arosi (Tawatana village), Lokuru, Alu, Anuta	99	U+016b U+0024
n$	n	nun, nən	Kwara'ae, Ririo, Lavukaleve, Vaghua, Lokuru, Nanggu, Sa'a (A'ulu village), Mono	98	U+006e U+0024
æ	æ	mælæ kæetu, kæœmolœŋœ	Reefs, Malo, Lwepe, Nanggu, Sa'a (Sa'a village), Kwara'ae, Tunöe, Faghani, Avasö, Kahua	97	U+00e6
^bw	bw	bwau-na, bwanuruna	Rawo, Tawaroga, Mami, Bauro (Pawa village), Arosi (Tawatana village), Arosi (Oneibia village), Longgu, Bauro (Baroo village), Haununu, Faghani, Agufi, Santa Ana, Kahua, Reefs, Rihu'a, Kwara'ae, Santa Catalina	91	U+005e U+0062 U+0077
æ$	æ	ŋæ, nɒ mümiæ	Reefs, Malo, Sa'a (Sa'a village), Lwepe, Nanggu	89	U+00e6 U+0024
bw	bw	wabwa, robworobwo	Bauro (Pawa village), Nanggu, Bauro (Baroo village), Mami, Longgu, Tanema, Tanimbili, Nembao, Rawo, Tawaroga, Vano, Agufi, Haununu, Asumboa, Malo, Kahua, Buma, Arosi (Oneibia village), Kwara'ae, Reefs, Santa Ana, Faghani, Lwepe, Santa Catalina, Arosi (Tawatana village)	87	U+0062 U+0077
ü$	ü	ndœtü, ŋü	Malo, Lwepe, Nanggu	86	U+00fc U+0024
mw	mw	mwarumwarusiɣa, imwomwovo	Vano, Reefs, Tanimbili, Tawaroga, Nembao, Nanggu, Buma, Santa Catalina, Arosi (Tawatana village), Arosi (Oneibia village), Rihu'a, Bauro (Pawa village), Santa Ana, Asumboa, Mami, Faghani, Ulawa, Agufi, Malo, Tanema, Sa'a (A'ulu village), Sa'a (Sa'a village), Haununu	80	U+006d U+0077
th	th	nathunu, glathi	Kmagha, Poro, Leleghia, Ghove, Nanggu, Tataba, Blablanga, Kilokaka, Pileni, Mbareke, Mbaniata, Samasodu	80	U+0074 U+0068
ō$	ō	pō, tō	Mbaniata, Lau North, Reefs, Ontong Java, Rennell, Tanimbili, Mbaelelea, Anuta, Arosi (Oneibia village), Kwaio, Santa Catalina, Langalanga, Kwai, Oroha, Bellona, Bauro (Baroo village), Sikaiana, Rihu'a, Bauro (Pawa village), Lavukaleve, Santa Ana, Uki Ni Masi, Sa'a (Sa'a village), Arosi (Tawatana village), Lokuru, 'Are'are (Waiahaa village), Asumboa, Alu, Nggae	76	U+014d U+0024
ʌ	ʌ	mʌtea, nʌlvü	Malo, Lwepe, Nanggu, Lömaumbi	73	U+028c
^ū	ū	ūhi, ūra	Mbaniata, Mbaelelea, 'Are'are (Waiahaa village), Dori'o, 'Are'are (Ma'asupa village), Kwaio, Sa'a (A'ulu village), Oroha, Kwara'ae, Ontong Java, Sa'a (Sa'a village), Langalanga, Lau North, Fauro, Ulawa, Lokuru, Mbaengguu, Marau, Anuta, Kwai, Nanggu, Rennell, Sikaiana, To'ambaita, Mono, Alu	73	U+005e U+016b
r$	r	kɛr, maoir	Ririo, Kwara'ae, Vaghua, Lavukaleve, Oroha, Fauro, Tawaroga	69	U+0072 U+0024
ð	ð	aðeaðe, ndɔu aðeaðe	Lengo, Dhadhaje, Longgu, Paripao	63	U+00f0
ʌ$	ʌ	mʌ, mbʌ	Malo, Lwepe	63	U+028c U+0024
^i!	i!	i!a, i!oe	Sa'a (A'ulu village), 'Are'are (Waiahaa village), 'Are'are (Ma'asupa village), Dori'o, Marau, Rihu'a, Oroha, Sa'a (Sa'a village), Kwaio, Uki Ni Masi, Arosi (Oneibia village), Ulawa, Arosi (Tawatana village), Lau North, Longgu, Ontong Java, Langalanga	62	U+005e U+0069 U+0021
ō	ō	pō-na, hōta	Mbaniata, Kwaio, Lokuru, Ontong Java, Lau North, Kwara'ae, Rihu'a, Santa Ana, Sa'a (Sa'a village), Tanema, Tikopia, Arosi (Oneibia village), Reefs, Bauro (Baroo village), Fauro, Mbaelelea, Alu, Faghani, Vaghua, Arosi (Tawatana village), 'Are'are (Waiahaa village), Marau, Pileni	59	U+014d
y	y	kekuyo, neyœ	Tanimbili, Nanggu, Nembao, Asumboa, Tanema, Reefs, Malo, Lwepe, Santa Catalina, Vano, Kia, Tunöe, Poleo, Tataba, Kwara'ae, Mbirao	58	U+0079
kh	kh	nakhɔŋɔ, dɔkha	Kilokaka, Leleghia, Blablanga, Tataba, Kmagha, Poro, Ghove, Nanggu, Pileni	58	U+006b U+0068
ū	ū	tū-na, hūhūa	Kwara'ae, Ontong Java, Fauro, Alu, Mbaniata, Samasodu, Lau North, Reefs, 'Are'are (Ma'asupa village), Fataleka, Malango, Mono, Kwaio, Lokuru, Anuta, Rihu'a, Mbaelelea, Santa Ana, Faghani, Sa'a (A'ulu village), Kokota, Sa'a (Sa'a village), Walade (LauS), Dori'o, Malagheti, 'Are'are (Waiahaa village), Poro, Pileni, Langalanga	56	U+016b
^ph	ph	phukri, phɔpɔrɔ	Leleghia, Poro, Kmagha, Tataba, Ghove, Blablanga, Kilokaka, Pileni	54	U+005e U+0070 U+0068
ɒ	ɒ	nɒmblo, nɒ mümiæ	Malo, Lwepe, Nanggu, Lömaumbi, Reefs, Avasö, Mami, Lavukaleve, Sengga, Kahua	53	U+0252
ü	ü	müŋœ, nüŋü nao	Malo, Lwepe, Nanggu, Nembao	52	U+00fc
gw	gw	ŋgwaŋgwari, ŋgwau	To'ambaita, Mbaelelea, Mbaengguu, Kwaio, Fataleka, Nembao, Walade (LauS), Lau North, Tanimbili, Kwai, Nanggu, Lwepe, Malo	52	U+0067 U+0077
ī$	ī	fī, tī	Reefs, Tawaroga, Bauro (Pawa village), Rawo, Mbaengguu, Arosi (Oneibia village), Tanimbili, Fataleka, Rihu'a, Mbaelelea, Kwaio, Faghani, Lokuru, Anuta, Lau North, Tikopia, Bellona, Kwara'ae, Sikaiana, To'ambaita, Longgu, Sa'a (A'ulu village), Agufi, Dori'o, Haununu, 'Are'are (Waiahaa village), Mbaniata, Pileni, Kilokaka, Langalanga, Kahua	50	U+012b U+0024
ɒ$	ɒ	pɒ, mɒ	Malo, Nanggu, Lwepe, Kahua, Mami, Vaghua, Reefs	50	U+0252 U+0024
^ɛ	ɛ	ɛta, ɛne	Roviana, Mbareke, Marovo, Lokuru, Vangunu, Simbo, Kwaio, Ghanongga, Ndovele, Mbaengguu, To'ambaita, Walade (LauS), Lengo, Dori'o, Leleghia, Mbaelelea, Sa'a (A'ulu village), Ughele, Kwara'ae, Langalanga, Ulawa	49	U+005e U+025b
^!u	!u	!usu, !utā	Bellona, Rennell, Lau North, Ontong Java, Kwaio, Walade (LauS), Longgu, Uki Ni Masi, Kwara'ae, Kusaghe, Rihu'a, Sa'a (Sa'a village), Fauro, 'Are'are (Waiahaa village), Sa'a (A'ulu village), Mono, Alu, Arosi (Oneibia village), Ulawa, Arosi (Tawatana village)	49	U+005e U+0021 U+0075
^œ	œ	œra, œpla	Malo, Lwepe, Kahua, Avasö, Lömaumbi, Tawaroga, Nanggu, Mami, Sengga	47	U+005e U+0153
m$	m	ŋgataɔm, sulum	Lavukaleve, Ririo, Kwara'ae, Nanggu, Vaghua, Tandai, Malo	47	U+006d U+0024
ē$	ē	lē, nē	Tawaroga, Lavukaleve, Lau North, Kwai, Fataleka, Reefs, Mbaelelea, Nembao, Ontong Java, Mbaengguu, Pileni, Langalanga, Arosi (Oneibia village), Sikaiana, Mbareke, Kwaio, Sa'a (A'ulu village), Tandai, Avasö, Arosi (Tawatana village), Ulawa, Nginia, Asumboa, Sengga, Lömaumbi, Malo	46	U+0113 U+0024
^a!	a!	a!ena, a!u	Ontong Java, Ulawa, Poro, Dori'o, Alu, 'Are'are (Ma'asupa village), To'ambaita, Uki Ni Masi, Sa'a (A'ulu village), Tataba, Sa'a (Sa'a village), Kmagha, Oroha, Rennell, Blablanga, Bellona, Leleghia, Fauro, Mono, Longgu, Kwaio, 'Are'are (Waiahaa village), Dhadhaje, Marau, Kilokaka	45	U+005e U+0061 U+0021
ŋ$	ŋ	māŋ, tioŋ	Mono, Kwara'ae, Alu, Fauro, Ririo	45	U+014b U+0024
^i$	i	i	Kwai, Oroha, Rennell, Tikopia, Bellona, Kwara'ae, Arosi (Oneibia village), Bauro (Baroo village), 'Are'are (Ma'asupa village), Koo, Mami, Sikaiana, Ghari, Fataleka, Rihu'a, Mbaelelea, Tawaroga, Malango, Bauro (Pawa village), To'ambaita, Talise, Longgu, Ontong Java, Tolo, Kwaio, Tandai, Sa'a (Sa'a village), Arosi (Tawatana village), Moli, Ulawa, Lengo, Dori'o, Haununu, Lokuru, Malagheti, Ndi, Nginia, Dhadhaje, Asumboa, Mbaengguu, Mbaniata, Pileni, Anuta, Langalanga, Kahua	45	U+005e U+0069 U+0024
ē	ē	mēmo, kēni	Lokuru, Mbaelelea, Mbaniata, Lau North, Mono, Ontong Java, Santa Ana, Alu, Oroha, Rennell, Bellona, Arosi (Oneibia village), 'Are'are (Ma'asupa village), Ghari, Fauro, Tawaroga, Nembao, To'ambaita, Ririo, Lavukaleve, Marovo, Kwaio, Ulawa, Lungga, Ughele, Anuta, Kahua	44	U+0113
^ð	ð	ðuli-ŋgu, ðundu	Lengo, Longgu, Dhadhaje, Paripao	42	U+005e U+00f0
^y	y	yœmbu, yœpale	Malo, Nanggu, Lwepe, Reefs, Asumboa, Tanimbili, Tanema, Santa Ana, Faghani, Vano	41	U+005e U+0079
^ō	ō	ōru, ōnia	Mbaniata, Lokuru, 'Are'are (Waiahaa village), 'Are'are (Ma'asupa village), Ontong Java, Lau North, Oroha, Kwai, Nembao, Langalanga, Reefs	41	U+005e U+014d
ə$	ə	!uə, γɔmbə	Vaghua, Nanggu, Malo, Sengga, Kwara'ae, Mbambatana	41	U+0259 U+0024
$	<?>	k, mb	Tawaroga, Kwaio, Tandai, Mbaengguu, Nggae, Fataleka, Kia, Dori'o, Asumboa, Poro, Bellona, Varisi, Samasodu, Tanimbili, 'Are'are (Ma'asupa village), Mbaelelea, Nembao, To'ambaita, Mbareke, Sa'a (A'ulu village), Ghone, Ughele, Alu, Langalanga	40	U+f77b U+0024
k$	k	mandak, mbavk	Ririo, Kwara'ae, Vaghua, Lavukaleve, Ughele	38	U+006b U+0024
^!o	!o	!oe, !oia	Lau North, Arosi (Oneibia village), Rihu'a, Langalanga, Kwara'ae, Ontong Java, Arosi (Tawatana village), Kwai, Rennell, Fataleka, Fauro, Mbaelelea, To'ambaita, Mono, Longgu, Kwaio, Sa'a (Sa'a village), Ulawa, Dori'o, 'Are'are (Waiahaa village), Mbaengguu, Marau, Walade (LauS)	38	U+005e U+0021 U+006f
ɛ$	ɛ	īhu-nɛ, litɛ	Sa'a (A'ulu village), Sa'a (Sa'a village), Nanggu, Ririo, Lungga, Ghaimuta, Asumboa, Vaghua, Ulawa	37	U+025b U+0024
ī	ī	rīŋgiti īmusu, hīneu	Lokuru, Mbaniata, Ontong Java, Reefs, Rawo, Anuta, Bauro (Baroo village), Lau North, Dori'o, Santa Ana, Tanema, Mbaelelea, Mbambatana, Bauro (Pawa village), Sa'a (A'ulu village), To'ambaita, Pileni, Samasodu, Kwara'ae, Arosi (Tawatana village)	37	U+012b
t$	t	puat, nat	Ririo, Kwara'ae, Lavukaleve, 'Are'are (Ma'asupa village), Nanggu, Mono	35	U+0074 U+0024
ās	ās	māsi, lāsei	Bellona, Bauro (Pawa village), Rennell, Leleghia, Fauro, Tawaroga, Dori'o, Mbaengguu, Alu, Kmagha, Roviana, Kwai, Samasodu, Bauro (Baroo village), Rihu'a, Mbaelelea, Mono, Tolo, Santa Ana, Faghani, Rawo, Kilokaka, Kahua	35	U+0101 U+0073
^ϑ	<?>	ϑao, ϑaefau-na	Mbaelelea, To'ambaita, Fataleka, Longgu	35	U+005e U+03d1
^ŋw	ŋw	ŋwane, ŋwae	Mbaengguu, Mbaelelea, Fataleka, Kwara'ae, To'ambaita, Lau North	34	U+005e U+014b U+0077
^!e	!e	!eli, !elia	Ontong Java, Oroha, 'Are'are (Ma'asupa village), Mbaelelea, Ulawa, Mbaengguu, Lau North, Kwai, Arosi (Oneibia village), Kwara'ae, Fataleka, Rihu'a, Kwaio, Simbo, Uki Ni Masi, Sa'a (A'ulu village), Sa'a (Sa'a village), Arosi (Tawatana village), Dori'o, 'Are'are (Waiahaa village), Dhadhaje, Marau, Walade (LauS), Langalanga	32	U+005e U+0021 U+0065
^gw	gw	gwini, gwou	Lau North, Langalanga, Fataleka, Kwara'ae, Dori'o, Walade (LauS), Kwai, To'ambaita	32	U+005e U+0067 U+0077
^ī	ī	īa, īna	Mbaniata, Lokuru, Dori'o, Walade (LauS), Bauro (Baroo village), Lau North, Mbaelelea, Faghani, Arosi (Oneibia village), Langalanga, Arosi (Tawatana village)	32	U+005e U+012b
	<?>	p-na, mmri	Kwaio, Alu, Kwara'ae, Ulawa, Vaghua, Dori'o, Tawaroga, Nanggu, 'Are'are (Ma'asupa village), Walade (LauS), Oroha, Mbaelelea, Mbaengguu, Sa'a (A'ulu village), Kilokaka, Kahua	32	U+f77b
^!i	!i	!irio, !iriɔ	Ontong Java, Rihu'a, Arosi (Tawatana village), 'Are'are (Waiahaa village), Sa'a (A'ulu village), Arosi (Oneibia village), Ulawa, 'Are'are (Ma'asupa village), Sa'a (Sa'a village), Oroha, Uki Ni Masi, To'ambaita, Marau, Walade (LauS), Kwara'ae	29	U+005e U+0021 U+0069
s$	s	hahbus, kɔŋɔs	Kwara'ae, Ririo, Lavukaleve, Vaghua, Mbaelelea, Alu	29	U+0073 U+0024
_!	_!	ta!i !araŋi, !aso !ao	Sa'a (A'ulu village), Uki Ni Masi, Mbaengguu, 'Are'are (Ma'asupa village), Marau, Sa'a (Sa'a village), Lau North, Kwaio, Dori'o, Rihu'a, Kwai, Rennell, Bellona, Arosi (Oneibia village), Langalanga, Arosi (Tawatana village)	27	U+005f U+0021
^ts	ts	tsau, tsu!u-ña	Marovo, Ririo, Vaghua, Leleghia, Poro, Kmagha, Ghove, Dhadhaje	27	U+005e U+0074 U+0073
a!$	a!	hua!, ma!	Kwara'ae, Ririo, Kilokaka, Mbirao	26	U+0061 U+0021 U+0024
^ĵ	ĵ	ĵɔŋɔ, ĵame	Dhadhaje, Kmagha, Leleghia, Poro, Simbo, Ghove, Lungga, Ghanongga	24	U+005e U+0135
ɨ	ɨ	pɨri, vɨri	Sengga, Tunöe, Ghone, Avasö, Mbambatana, Katazi, Poro	23	U+0268
ts	ts	matsamatsa, tsetseu	Marovo, Ririo, Vaghua, Mbaniata	22	U+0074 U+0073
^e!	e!	e!a, e!o	Alu, Mono, Fauro, Ontong Java, Oroha, Kwai, Dhadhaje, To'ambaita, Malo, Marau, Sa'a (Sa'a village), Ulawa	21	U+005e U+0065 U+0021
kk	kk	təkkɔ, zokka	Avasö, Lömaumbi, Sengga	21	U+006b U+006b
āh	āh	lāhulu, lāhi	Alu, Fauro, Kmagha, Rennell, Mono, Bellona, Bauro (Baroo village), 'Are'are (Ma'asupa village), Ontong Java, 'Are'are (Waiahaa village), Faghani, Kilokaka, Arosi (Oneibia village)	21	U+0101 U+0068
ts$	ts	mats, mbots	Vaghua, Ririo	20	U+0074 U+0073 U+0024
^	<?>	ne, ga-na	Dori'o, Kwaio, Mbaelelea, Nanggu, Mbaengguu, Walade (LauS), Fataleka, Tawaroga, Ulawa	20	U+005e U+f77b
^ē	ē	ēta, ēi	Mbaniata, Lokuru, 'Are'are (Ma'asupa village), 'Are'are (Waiahaa village), Tawaroga	20	U+005e U+0113
θ	θ	ndaθa, θauθau	Mbaelelea, To'ambaita, Mbaengguu	18	U+03b8
ā!	ā!	pā!uta, hetā!aki	Ontong Java, Alu, Bellona, Sa'a (Sa'a village), Arosi (Tawatana village), 'Are'are (Ma'asupa village), Fauro, Mbaelelea, Rennell, Mono, Arosi (Oneibia village), Ulawa	17	U+0101 U+0021
uu	uu	ubuubua, uruuru-na	Dori'o, 'Are'are (Waiahaa village), Walade (LauS), Lau North, 'Are'are (Ma'asupa village), Longgu, Kwaio, Fauro, Kwai, Uki Ni Masi, Mbaengguu, Alu, Langalanga, Ulawa	17	U+0075 U+0075
^!ū$	!ū	!ū	Lau North, 'Are'are (Ma'asupa village), Longgu, Ontong Java, Kwaio, Dori'o, Fataleka, Kwai, 'Are'are (Waiahaa village), Mbaelelea, Oroha, Mbaengguu, To'ambaita, Walade (LauS), Kwara'ae, Sa'a (Sa'a village), Langalanga	17	U+005e U+0021 U+016b U+0024
^ās	ās	āsi, āse	Bauro (Baroo village), 'Are'are (Ma'asupa village), Dori'o, Rihu'a, Santa Ana, Tataba, 'Are'are (Waiahaa village), Oroha, Faghani, Sa'a (A'ulu village), Asumboa, Poro, Marau, Santa Catalina, Ulawa, Kahua	16	U+005e U+0101 U+0073
^!a!	!a!	!a!apana, !a!ana	'Are'are (Ma'asupa village), Oroha, To'ambaita, Ontong Java, Kwaio, Rihu'a, Fauro, Marau, Mono, Arosi (Tawatana village)	16	U+005e U+0021 U+0061 U+0021
^θ	θ	θasu, θauθau	Mbaelelea, To'ambaita	16	U+005e U+03b8
α$	<?>	nαndα, motα	Reefs	15	U+03b1 U+0024
ll	ll	pɔllupɔllu, vəlla	Lömaumbi, Avasö, Tanimbili, Sengga, Langalanga	14	U+006c U+006c
ϑ	<?>	mbɔϑɔ, ϑaϑate-na	To'ambaita, Mbaelelea, Fataleka	14	U+03d1
^e$	e	e, -e	Reefs, Buma, Lungga, Lengo, Simbo, Lokuru, Tunöe, Mbambatana, Nanggu, Tandai, Mbaniata, Paripao, Ririo	14	U+005e U+0065 U+0024
x	x	lexa, mwaxe	Kwaio, Nembao, Tanema, Vaghua, Mbirao	14	U+0078
ņ	ņ	raņœ, vataņa	Nembao, Avasö, Poleo, Mbaelelea	14	U+0146
v$	v	mbesav, taksəv	Lavukaleve, Vaghua, Rihu'a, Mbambatana, Avasö, Lömaumbi	14	U+0076 U+0024
$	<?>	karamav, ɣel	Vaghua	13	U+f798 U+0024
^!u!	!u!	!u!u-na, !u!ui-na	'Are'are (Ma'asupa village), Sa'a (Sa'a village), Kwaio, Dori'o, 'Are'are (Waiahaa village), Oroha, Arosi (Oneibia village), Ulawa, Arosi (Tawatana village)	13	U+005e U+0021 U+0075 U+0021
tt	tt	pətto, təttoma	Avasö, Lömaumbi, Sengga	13	U+0074 U+0074
^u!	u!	u!kru, u!a	Rennell, To'ambaita, Bellona, Ulawa, Leleghia, Kmagha, Kilokaka, Sa'a (Sa'a village)	12	U+005e U+0075 U+0021
nn	nn	tanna-na, ndʌmbœ nonno	Avasö, Fauro, Nembao, Lwepe, Mono, Lömaumbi, Malo	12	U+006e U+006e
mm	mm	səmma, ləmma	Avasö, Lömaumbi, Mono, Fauro, Nembao, Sengga	11	U+006d U+006d
d$	d	rd, mbesand	Ririo, Kwara'ae, Tunöe	11	U+0064 U+0024
h$	h	kaɔh, iuh	Kwara'ae, Samasodu	10	U+0068 U+0024
ɔ!$	ɔ!	nɔ!, mbɔ!	Kwara'ae, Ririo	10	U+0254 U+0021 U+0024
g$	g	tēŋg, kamaŋg	Ririo, Kwara'ae	10	U+0067 U+0024
^nw	nw	nwæle, nwoi	Reefs	10	U+005e U+006e U+0077
^!e!	!e!	!e!e, !e!eke!a	'Are'are (Ma'asupa village), Sa'a (Sa'a village), Kwaio, Ghanongga, Oroha, Sa'a (A'ulu village), Langalanga	10	U+005e U+0021 U+0065 U+0021
^nn	nn	nnao, nnai	Alu, Fauro, Nembao, Mono	9	U+005e U+006e U+006e
·	·	ha·tutu, to·to·-na	Fauro, Alu, Nanggu, Mono	9	U+00b7
^	<?>	amwe, aulombe-ŋgu	Nembao, Tanimbili	9	U+005e U+f790
^ɔ!	ɔ!	ɔ!ɔe, ɔ!ɔrue	Sa'a (A'ulu village), To'ambaita, Kwaio, Blablanga, Kilokaka	9	U+005e U+0254 U+0021
ph	ph	pɔphɔma, ɣepa phei	Leleghia, Kilokaka, Tataba, Blablanga, Nanggu	9	U+0070 U+0068
ɑ$	ɑ	mindɑ, nundɑ	Reefs	9	U+0251 U+0024
rr	rr	vərri, pərre	Avasö, Lömaumbi, Sengga	9	U+0072 U+0072
oo	oo	otooto, oloolo	'Are'are (Ma'asupa village), Ghone, Rihu'a, 'Are'are (Waiahaa village), Faghani, Arosi (Oneibia village), Sa'a (Sa'a village), Langalanga	9	U+006f U+006f
ss	ss	rəsso, kɒsse	Lömaumbi, Avasö	9	U+0073 U+0073
^ʌ	ʌ	ʌmbü, ʌkamœmbœ	Malo, Lwepe	9	U+005e U+028c
^!ɔ	!ɔ	!ɔsa, !ɔme	Kwaio, Sa'a (A'ulu village), Walade (LauS), Alu, Arosi (Tawatana village), Ulawa	9	U+005e U+0021 U+0254
α	<?>	nαndα, lαpu	Reefs	9	U+03b1
ɑ	ɑ	bwɑki, nwɑpū	Reefs	9	U+0251
^ā$	ā	ā	Lokuru, Mbaniata, Santa Ana, Tawaroga, Malango, Rawo, Arosi (Tawatana village)	9	U+005e U+0101 U+0024
^ə	ə	əru, əmū	Mami, Sengga, Tawaroga, Nembao	8	U+005e U+0259
^æ	æ	æsikapu, ælœ	Malo, Lwepe, Reefs	8	U+005e U+00e6
^o!	o!	o!ola, o!olo	Kwai, Fauro, Uki Ni Masi, Mono, Alu, Arosi (Oneibia village), Kwara'ae	8	U+005e U+006f U+0021
u!$	u!	su!, hīnau!	Kwara'ae, Walade (LauS)	8	U+0075 U+0021 U+0024
^!ā	!ā	!āmoŋa, !āi	Bellona, Lau North, Ontong Java, Rihu'a, Rennell, Arosi (Oneibia village), Arosi (Tawatana village)	8	U+005e U+0021 U+0101
î	î	"îunîu, nîunîua	Simbo, Ghanongga, Bauro (Baroo village), Tanimbili, Kwaio	8	U+00ee
^ņ	ņ	ņalɔmbu, ņe	Nembao	8	U+005e U+0146
ĵ$	ĵ	nĵanĵ, kœnĵ	Ririo, Vaghua	8	U+0135 U+0024
p$	p	larp, surap	Ririo, Nggae	7	U+0070 U+0024
^	<?>	œ, -o	Nembao	7	U+005e U+f75e
^ū$	ū	ū	Ontong Java, Sikaiana, Fataleka, Mbaengguu, Kwara'ae, Anuta, Reefs	7	U+005e U+016b U+0024
2$	<?>	mbusu mwɔe2, we2	Moli, Buma, Kilokaka, Asumboa	7	U+0032 U+0024
ã$	ã	ndœtã, ñã	Lwepe, Malo, Lavukaleve	7	U+00e3 U+0024
b$	b	kik uimb, tuamb	Ririo, Kwara'ae	7	U+0062 U+0024
ks$	ks	laks, mɔks	Vaghua	7	U+006b U+0073 U+0024
ụ$	ụ	kukumbaŋụ, surụ	Ghone, Vaghua, Lömaumbi, Sengga	7	U+1ee5 U+0024
γ	<?>	ɣauγe, laiɛγi	Kahua, Lengo, Nembao, Asumboa, Paripao, Santa Catalina	7	U+03b3
o!$	o!	baleo!, io!	Kwara'ae, Ririo	7	U+006f U+0021 U+0024
xw	xw	maxwa, lalaxwa	Kwaio	6	U+0078 U+0077
^mm	mm	mma, mmau	Nembao, Sikaiana	6	U+005e U+006d U+006d
^!o!	!o!	!o!olo, !o!o	Mbaelelea, Oroha, Arosi (Oneibia village), Mono, Arosi (Tawatana village)	6	U+005e U+0021 U+006f U+0021
^ē$	ē	ē	Longgu, Lavukaleve, Lokuru, Kwai, Mbaniata, Reefs	6	U+005e U+0113 U+0024
д$	<?>	tʌesд, mlʌ-pд	Lwepe, Malo	6	U+0434 U+0024
ē!	ē!	hē!u, !u!umānahē!u	Kwaio, Sa'a (A'ulu village), Sa'a (Sa'a village), Oroha, Arosi (Tawatana village)	5	U+0113 U+0021
^Ө	<?>	Өata-na, Өaina-na	To'ambaita, Mbaelelea	5	U+005e U+04e8
ŋw	ŋw	ŋwaiŋwane, ŋwaiŋwae-na	Fataleka, Kwara'ae, Mbaengguu, To'ambaita, Mbaelelea	5	U+014b U+0077
^u$	u	u, -u	Tanimbili, Buma, Reefs, Tikopia, Nembao	5	U+005e U+0075 U+0024
ž	ž	kužu, žužue	Ndovele	5	U+017e
^ɔ$	ɔ	ɔ	Tanimbili, Avasö, Lömaumbi, Ririo, Sengga	5	U+005e U+0254 U+0024
c	c	mamaca, cucu-na	Ghari, Moli, Talise, Ndi	5	U+0063
k!$	k!	seuek!, hindik!	Vangunu, Lavukaleve, Nanggu, Nduke	4	U+006b U+0021 U+0024
āw	āw	wāwata-na, tarāwa!a	Santa Ana, Arosi (Oneibia village), Sa'a (A'ulu village), Tawaroga	4	U+0101 U+0077
ōs	ōs	rōsia, pōsala	'Are'are (Ma'asupa village), Vaghua, Fauro, Mbaelelea	4	U+014d U+0073
.	<?>	ŋge...ke, mbune  .	Nggela, Vano	4	U+002e
n!	n!	takan!ei, huan!ei	Kwara'ae	4	U+006e U+0021
l!	l!	!ɛl!el, !uil!uilia-n	Kwara'ae, Tandai	4	U+006c U+0021
^ī!	ī!	ī!a	Dori'o, Walade (LauS), To'ambaita, Oroha	4	U+005e U+012b U+0021
д	<?>	nuдmu, esдunʌ	Lwepe, Malo	4	U+0434
^!ɛ	!ɛ	!ɛl!el, !ɛn	Kwara'ae, Kwaio, Ulawa	4	U+005e U+0021 U+025b
^o$	o	o	Tanema, Katazi, Mbambatana	4	U+005e U+006f U+0024
pp	pp	nʌppe, arateppere	Lömaumbi, Avasö, Sengga	4	U+0070 U+0070
aa	aa	aŋaaŋa, aŋgaaŋga	Rennell, Bellona, Mbaengguu, Ghari	4	U+0061 U+0061
ø	ø	mbøk, mør	Nembao, Ririo	4	U+00f8
e!$	e!	ihe!, bilābe!	Kwara'ae, Rennell	4	U+0065 U+0021 U+0024
vw	vw	maravwaravwa, rivwɔ-na	Bauro (Pawa village), Nembao	4	U+0076 U+0077
^γ	<?>	γɔmbə, γotu-na	Vaghua, Ghari	4	U+005e U+03b3
^ō$	ō	ō	Alu, Vaghua, Mbaniata, Mono	4	U+005e U+014d U+0024
ƀ$	ƀ	nañƀ, nœpƀ	Lwepe, Malo	3	U+0180 U+0024
s!$	s!	wasiwas!, pusu as!	'Are'are (Ma'asupa village), Bauro (Baroo village)	3	U+0073 U+0021 U+0024
o!o!	o!o!	do!o!a, to!o!a	Arosi (Oneibia village), Rihu'a, Arosi (Tawatana village)	3	U+006f U+0021 U+006f U+0021
^!ō$	!ō	!ō	Bellona, Ontong Java, Rennell	3	U+005e U+0021 U+014d U+0024
ɛ!	ɛ!	kɔmu iŋɛ!i, rɛ!ai	Kwara'ae, To'ambaita, Sa'a (A'ulu village)	3	U+025b U+0021
ās$	ās	totoās, oās	Lavukaleve	3	U+0101 U+0073 U+0024
^m$	m	m, -m	Lömaumbi, Nanggu, Malo	3	U+005e U+006d U+0024
uu$	uu	ea latuu	Alu, Fauro, Mono	3	U+0075 U+0075 U+0024
ēs	ēs	lēsia, fēsuo	Dori'o, Lokuru, Oroha	3	U+0113 U+0073
rs	rs	varsuka, varsumba	Vaghua, Ririo	3	U+0072 U+0073
ps$	ps	tsəps, kaps	Vaghua	3	U+0070 U+0073 U+0024
b!$	b!	kœke vumb!, kəkeɣumb!	Katazi, Samasodu, Tunöe	3	U+0062 U+0021 U+0024
$	<?>	pop, pw	Malo, Lwepe	3	U+f701 U+0024
s	<?>	bsu, ssɔ	Alu, Kilokaka, Dori'o	3	U+f77b U+0073
	<?>	naniɔ, ibœ	Nembao	3	U+f75e
^a$	a	-a, a	Mbambatana, Lömaumbi, Tunöe	3	U+005e U+0061 U+0024
ps	ps	sɔlompsompsɔ, səmpsẹ	Vaghua	3	U+0070 U+0073
r!	r!	sur!-na, hir!ie	Kwara'ae, Haununu	3	U+0072 U+0021
j	j	ŋənjə, njanĵara	Ririo, Lungga, Nanggu	3	U+006a
^c	c	cucu-na, ceče	Nggae, Poleo, Ghari	3	U+005e U+0063
ns	ns	ɣəns pepekɔ, īnsia	Vaghua, Kwara'ae, Mbaniata	3	U+006e U+0073
^ɛ̄	ɛ̄	ɛ̄mbia, ɛ̄ta	Lokuru	2	U+005e U+025b U+0304
^	<?>	re, no	Kwaio, Mbaelelea	2	U+005e U+f736
^ž	ž	žužue, žouke	Ndovele	2	U+005e U+017e
ks	ks	taksəv, -ŋksta	Vaghua	2	U+006b U+0073
nw	nw	mutnwoli, ñiŋganwale	Vano, Reefs	2	U+006e U+0077
i!$	i!	ti!ti!, matai!	Kwara'ae	2	U+0069 U+0021 U+0024
^ŋ$	ŋ	-ŋ	Alu, Mono	2	U+005e U+014b U+0024
^!č	!č	!čumia	Tolo, Malagheti	2	U+005e U+0021 U+010d
^āh	āh	āhɔ, āhe	Nggela, Oroha	2	U+005e U+0101 U+0068
^!ā!	!ā!	!ā!āna, !ā!ae-na	Kwaio, Arosi (Oneibia village)	2	U+005e U+0021 U+0101 U+0021
ɔ̄	ɔ̄	tɔ̄vo, lɔ̄ndi	Lokuru	2	U+0254 U+0304
ū!	ū!	sū!ia	Bellona, Rennell	2	U+016b U+0021
ũ$	ũ	mbɔlokũ, nũŋũ	Nanggu	2	U+0169 U+0024
^Q	<?>	Qazea, Qanîa	Simbo, Nduke	2	U+005e U+0051
_$	_	mbune  ., grara-ña -	Leleghia, Vano	2	U+005f U+0024
^ōh	ōh	ōhu, ōhota	'Are'are (Waiahaa village)	2	U+005e U+014d U+0068
s!	s!	ɛnes!e, tahis!ɔr	Vangunu, Kwara'ae	2	U+0073 U+0021
^x	x	xamai vakmora, xalwa	Nembao, Tanema	2	U+005e U+0078
–	<?>	nama–ŋge, mbañoŋombio–ŋgu	Tanimbili, Asumboa	2	U+2013
l!$	l!	!al!, mgualil!	Pileni, Savosavo	2	U+006c U+0021 U+0024
ị$	ị	sarikị, masiranị	Ghone	2	U+1ecb U+0024
tw	tw	nɔtwɔmbœ, nɒtwa	Nanggu	2	U+0074 U+0077
^!i!	!i!	!i!i-na, !i!imina	Kwaio, 'Are'are (Ma'asupa village)	2	U+005e U+0021 U+0069 U+0021
ls	ls	falilsi, helsia	Dori'o, Kwara'ae	2	U+006c U+0073
	<?>	ŋœpmbœ, mbutmbœ	Lwepe, Malo	2	U+f7b6
^ī$	ī	ī	Lokuru, Mbaniata	2	U+005e U+012b U+0024
t!	t!	ɣalat!a, ɣa!at!a	Talise, Poleo	2	U+0074 U+0021
^k!	k!	k!ŋglu, k!khina	Kilokaka, Malo	2	U+005e U+006b U+0021
^vw	vw	vwi, vwe	Nembao	2	U+005e U+0076 U+0077
^"	<?>	"îunîu, "Mu	Simbo, Lungga	2	U+005e U+0022
lh	lh	olhan, alhɔl	Kwara'ae	2	U+006c U+0068
ã	ã	rãmai, ndœtã æluku	'Are'are (Waiahaa village), Malo	2	U+00e3
^īh	īh	īhu-nɛ	Sa'a (A'ulu village)	2	U+005e U+012b U+0068
$	<?>	e, numb	Reefs	2	U+f707 U+0024
3$	<?>	muñomuñori3, purɛnĵeŋe3	Ndovele, Ughele	2	U+0033 U+0024
W	<?>	gWauru, kWa!ia	Dori'o, Langalanga	2	U+0057
ẹ$	<?>	səmpsẹ, nukanẹ	Lömaumbi, Vaghua	2	U+1eb9 U+0024
īs	īs	sīsika, wīsia	Kwaio, Tawaroga	2	U+012b U+0073
	<?>	nĵpwα, vi	Reefs	2	U+f7f2
n!$	n!	ndɔn!, imbuvin!	Nginia, Asumboa	2	U+006e U+0021 U+0024
^ā!	ā!	ā!ɔlɔ, ā!a	Dori'o, Sa'a (Sa'a village)	2	U+005e U+0101 U+0021
$	<?>	t, ɛz	Mbareke, Mbaengguu	2	U+f736 U+0024
^æ$	æ	æ	Reefs, Malo	2	U+005e U+00e6 U+0024
^$	<?>		Varisi, Sikaiana	2	U+005e U+f77b U+0024
ii	ii	tama itiiti	Bellona	1	U+0069 U+0069
^!ɔ!	!ɔ!	!ɔ!ɔlɔ	Walade (LauS)	1	U+005e U+0021 U+0254 U+0021
ɣs$	ɣs	nĵəɣs	Vaghua	1	U+0263 U+0073 U+0024
^!ð	!ð	!ðu-ŋgu	Lengo	1	U+005e U+0021 U+00f0
^āh$	āh	āh	Kwara'ae	1	U+005e U+0101 U+0068 U+0024
^!n	!n	!ndumia	Kwaio	1	U+005e U+0021 U+006e
^!ā$	!ā	!ā	Ontong Java	1	U+005e U+0021 U+0101 U+0024
ŋ!	ŋ!	!usuŋ!i	Rihu'a	1	U+014b U+0021
^	<?>	œ	Nembao	1	U+005e U+f75c
ee	ee	meevirɔ	Buma	1	U+0065 U+0065
*	<?>	mbo*e	Mbaniata	1	U+002a
c$	c	renĵc	Marovo	1	U+0063 U+0024
^čh	čh	čheŋe-ña	Poro	1	U+005e U+010d U+0068
zz	zz	muzziri	Avasö	1	U+007a U+007a
ẽ	ẽ	mbanẽmbañe	Savosavo	1	U+1ebd
^K	<?>	Kik	Ririo	1	U+005e U+004b
^ō!	ō!	ō!e	Sa'a (Sa'a village)	1	U+005e U+014d U+0021
ʌ̃$	ʌ̃	siu esʌ̃	Malo	1	U+028c U+0303 U+0024
lw	lw	xalwa	Nembao	1	U+006c U+0077
^ēh	ēh	ēhehe	'Are'are (Ma'asupa village)	1	U+005e U+0113 U+0068
$	<?>	ik	Kahua	1	U+f771 U+0024
ɛ̄	ɛ̄	hɛ̄ta	Lokuru	1	U+025b U+0304
w$	w	yuw	Asumboa	1	U+0077 U+0024
^	<?>	i	Nembao	1	U+005e U+f764
^!ū	!ū	!ūtā	Kwaio	1	U+005e U+0021 U+016b
ũ	ũ	nũŋũ	Nanggu	1	U+0169
^!e!$	!e!	!e!	Kwara'ae	1	U+005e U+0021 U+0065 U+0021 U+0024
ñ$	ñ	kalemañ	Malo	1	U+00f1 U+0024
^tsh	tsh	tshau	Kmagha	1	U+005e U+0074 U+0073 U+0068
	<?>	mbu	Reefs	1	U+f709
^ŋ!	ŋ!	ŋ!ɔra	Ghove	1	U+005e U+014b U+0021
^ɚ	ɚ	ɚɣa-na	Tawaroga	1	U+005e U+025a
üw	üw	gæiplüwu	Nanggu	1	U+00fc U+0077
!	<?>	h!ɛpu-n	Sa'a (A'ulu village)	1	U+f77b U+0021
č$	č	vuč	Ririo	1	U+010d U+0024
ɔ̄$	ɔ̄	tɔ̄	Lokuru	1	U+0254 U+0304 U+0024
^!	<?>	!ɔ	Kwaio	1	U+005e U+f77b U+0021
ɔɔ	ɔɔ	ɔdɔɔdɔ	Arosi (Tawatana village)	1	U+0254 U+0254
M	<?>	"Mu	Lungga	1	U+004d
Δ	<?>	mlΔtü	Malo	1	U+0394
ŋ!$	ŋ!	ŋ!	Mbaelelea	1	U+014b U+0021 U+0024
^!āh	!āh	!āha	Rihu'a	1	U+005e U+0021 U+0101 U+0068
$	<?>	k	Reefs	1	U+f7f2 U+0024
^j	j	jinɔ	Dhadhaje	1	U+005e U+006a
	<?>	igɔ	Nembao	1	U+f764
^!u$	!u	!u	Marau	1	U+005e U+0021 U+0075 U+0024
^ʌ$	ʌ	ʌ	Malo	1	U+005e U+028c U+0024
Д$	<?>	nətД	Nanggu	1	U+0414 U+0024
ö	ö	tövisiki	Malo	1	U+00f6
^ü	ü	ülə	Nanggu	1	U+005e U+00fc
	<?>	madɔa	Arosi (Tawatana village)	1	U+f7d8
^fw	fw	fwe	Nembao	1	U+005e U+0066 U+0077
īh	īh	fīhna	Samasodu	1	U+012b U+0068
f$	f	lʌməf	Nanggu	1	U+0066 U+0024
^ɑ	ɑ	ɑmolikæ	Reefs	1	U+005e U+0251
^n$	n	-n	Kwara'ae	1	U+005e U+006e U+0024
^ps	ps	psəɣa	Vaghua	1	U+005e U+0070 U+0073
ɣ!$	ɣ!	vahaɣ!	Nggela	1	U+0263 U+0021 U+0024
vs	vs	avsa	Vaghua	1	U+0076 U+0073
^ɒ	ɒ	ɒaŋgara-na	Ghone	1	U+005e U+0252
ɳ	ɳ	aɳu	Nembao	1	U+0273
I	<?>	sIneva	Kazukuru	1	U+0049
^P	<?>	Pi	Agufi	1	U+005e U+0050
ɔ!ɔ!	ɔ!ɔ!	tɔ!ɔ!u	Dori'o	1	U+0254 U+0021 U+0254 U+0021
ī!	ī!	mī!u	Kwaio	1	U+012b U+0021
^āw	āw	āwowo	Santa Ana	1	U+005e U+0101 U+0077
ɜ	ɜ	liɜœ	Nembao	1	U+025c
*$	<?>	opū*	Ontong Java	1	U+002a U+0024
h	<?>	nhe	Kia	1	U+f77b U+0068
$	<?>	lʌməthem	Nanggu	1	U+f772 U+0024
^ɔ̄	ɔ̄	ɔ̄lɔzuɔ	Lokuru	1	U+005e U+0254 U+0304
$	<?>	nd	Reefs	1	U+f709 U+0024
vs$	vs	ndəvs	Vaghua	1	U+0076 U+0073 U+0024
H	<?>	notiti-Ha	Poro	1	U+0048
^īs	īs	īsia	Mbaniata	1	U+005e U+012b U+0073
ĵs	ĵs	tazĵsar	Ririo	1	U+0135 U+0073
αs	<?>	nandαstü	Lwepe	1	U+03b1 U+0073
ạ$	ạ	-enĵarạ	Ririo	1	U+1ea1 U+0024
s$	<?>	ls	Vaghua	1	U+f77b U+0073 U+0024
η	<?>	keînolɔnlɔηɔ	Tanimbili	1	U+03b7
rh	rh	heirhier	Kwara'ae	1	U+0072 U+0068
ōh	ōh	hōhora	Lokuru	1	U+014d U+0068
ŋh	ŋh	taŋhual	Kwara'ae	1	U+014b U+0068
r!$	r!	maur!	Koo	1	U+0072 U+0021 U+0024
